data,requisicoes,instancias_ativas,cpu_pct,memoria_pct,armazenamento_gb,custo_usd,houve_incidente,dia_semana,mes,fim_de_semana,temporada_alta,indice_tempo,custo_lag_1,custo_lag_2,custo_lag_7,custo_lag_14,custo_media_movel_7,custo_media_movel_14,custo_std_movel_7,var_diaria,var_semanal,razao_lag1_mm7,razao_lag7_mm7,razao_mm7_mm14,coef_variacao_7
2023-01-15,71840.10466994786,10.0,57.0368423251265,55.84729197601116,533.0032430441254,50.16300467923472,0,6,1,1,0,14,45.36271450823888,50.968747005194224,26.902153859904114,42.12552978409462,45.41695182145768,46.028510881342356,11.760813639686583,-0.10998960787448886,0.6862112507597027,0.9988057914271302,0.5923372833487678,0.9867134728416215,0.2589520689525904
2023-01-16,107208.84988303612,9.0,76.04847470192341,78.20081115094062,536.2813795847261,30.80324100198913,0,0,1,0,0,15,50.16300467923472,45.36271450823888,46.722235469923966,47.57474824551284,48.73993050993348,46.60261623099522,8.488545099405462,0.10582017022204426,0.07364307753479915,1.029197295819107,0.9586028330590604,1.0458625384537261,0.17415997541636724
2023-01-17,105503.8755186623,11.0,66.4534549012898,75.58334406371168,537.8981950839507,51.203709674174654,0,1,1,0,0,16,30.80324100198913,50.16300467923472,65.7432455181566,49.26540153334497,46.46578844308566,45.40465142788638,10.907062464876573,-0.3859370825380338,-0.5314615097077606,0.6629230243175354,1.4148742057542667,1.0233706675820344,0.23473318392598153
2023-01-18,110909.3893303811,12.0,67.63573102356841,70.88665156278303,539.8145561596625,52.770710348188224,0,2,1,0,0,17,51.203709674174654,30.80324100198913,42.578102946323455,39.36264893919896,44.38871189394537,45.54310200937421,7.465608783506297,0.662283188670574,0.2025831620240377,1.1535299739382356,0.9592101489237204,0.9746527999961173,0.16818710129150216
2023-01-19,106117.50369791516,12.0,61.28612373369666,62.46360883434156,540.6029688296421,46.56575024682824,0,3,1,0,0,18,52.770710348188224,51.203709674174654,39.64146344246254,51.27338216407691,45.84479866564033,46.50082068144487,8.026520204598663,0.030603264567838684,0.33119985403117336,1.1510730090246575,0.8646883527961252,0.9858922486487145,0.17508028038553397
2023-01-20,104197.58519465882,11.0,64.8538922736867,66.87957084606614,542.3889919447935,47.971556237879966,0,4,1,0,0,19,46.56575024682824,52.770710348188224,50.968747005194224,53.00036451010679,46.83398249483544,46.16456125878426,7.546954908269235,-0.11758341057792909,-0.08638620756985216,0.9942727004256625,1.088285562963063,1.0145007602758014,0.1611427110453711
2023-01-21,85022.27507568621,11.0,64.59741109052466,60.42589020257114,545.286248353257,52.119316448640426,0,5,1,1,0,20,47.971556237879966,46.56575024682824,45.36271450823888,43.87841441225408,46.405812385219114,45.80536066791091,7.355878140304466,0.03018969915871761,0.05751070582796047,1.0337402530455337,0.9775222580240299,1.0131087651871467,0.1585120001615878
2023-01-22,78326.55879805384,9.0,62.95107745482122,68.38343859563382,547.0130520498743,45.77341194692572,0,6,1,1,0,21,52.119316448640426,47.971556237879966,50.16300467923472,26.902153859904114,47.37104123384791,46.393996527652796,7.634221938965017,0.08646290710671689,0.038999094689707414,1.1002358211075112,1.0589381903514477,1.0210597227943654,0.16115799315616808
2023-01-23,110408.51281875173,10.0,77.91630474287118,81.74470910591398,549.6254358860351,34.266637927206254,0,0,1,0,0,22,45.77341194692572,52.119316448640426,30.80324100198913,46.722235469923966,46.74395655780376,47.74194353386862,7.546442658650481,-0.12175724729559922,0.48599337141081644,0.9792370034043253,0.6589780427315287,0.9790962222692741,0.16144210320148059
2023-01-24,104536.60725514618,12.0,62.86754945682072,63.03358790129119,551.5730334012368,54.158773875355344,0,1,1,0,0,23,34.266637927206254,45.77341194692572,51.203709674174654,65.7432455181566,47.2387275471205,46.852257995103066,6.345027715421176,-0.25138554305415495,-0.33077821616332737,0.7253929076100828,1.0839349900587203,1.0082486857315995,0.13431834524103192
2023-01-25,108155.26910189928,12.0,66.21175672017212,65.6191946373402,553.9322790238141,47.34235194899485,0,2,1,0,0,24,54.158773875355344,34.266637927206254,52.770710348188224,42.578102946323455,47.66087957586059,46.02479573490299,6.738876412605802,0.5805102908084128,0.026303673344711287,1.1363360130429867,1.107212263344709,1.0355478783736758,0.14139219570800632
2023-01-26,110873.69035883946,14.0,65.97257430657663,69.10745059352155,555.1141259119615,53.24748598649307,0,3,1,0,0,25,47.34235194899485,54.158773875355344,46.56575024682824,39.64146344246254,46.885399804547255,46.365099235093794,6.354214336741225,-0.12585997500697232,0.016677530117095385,1.0097461501096825,0.9931823220223875,1.0112218150729126,0.13552650426849835
2023-01-27,105923.2256903108,12.0,59.11716004405867,60.110129355043966,557.2822934716686,48.28729793604421,0,4,1,0,0,26,53.24748598649307,47.34235194899485,47.971556237879966,50.968747005194224,47.839933481642234,47.33695798823884,6.785428775266438,0.12473258708946733,0.10998037508833303,1.1130342814319734,1.0027513156197896,1.010625429152595,0.14183608298431752
2023-01-28,196660.36596943522,11.0,81.45086127601785,57.61060395593125,556.9893846949481,73.5177116344172,1,5,1,1,0,27,48.28729793604421,53.24748598649307,52.119316448640426,45.36271450823888,47.88503943852284,47.14542591187098,6.7874986870344065,-0.09315346928692692,-0.0735239595164755,1.0084005046719824,1.088425885407357,1.015687916957934,0.14174570526873076
2023-01-29,77316.99724032477,9.0,58.024743292083805,71.91840357949962,558.9398677684185,48.26500434344903,0,6,1,1,0,28,73.5177116344172,48.28729793604421,45.77341194692572,50.16300467923472,50.94195303649094,49.15649713516943,11.903168817900488,0.5225062237234785,0.6061226049668527,1.443166334470033,0.8985405784135745,1.0363218700553847,0.23366141477485095
2023-01-30,109652.02500082688,10.0,75.84632465079443,74.44193121690557,559.7354891734464,42.694332662965486,0,0,1,0,0,29,48.26500434344903,73.5177116344172,34.266637927206254,30.80324100198913,51.29789480742285,49.02092568261331,11.759237099299334,-0.3434914761294904,0.4085129812262285,0.9408769019594356,0.6679930639619122,1.0464489214167805,0.22923430178654744
2023-01-31,108509.1735510824,11.0,65.49712754876971,65.60600127890966,562.8002847866838,36.63177168694904,0,1,1,0,0,30,42.694332662965486,48.26500434344903,54.158773875355344,51.203709674174654,52.5018511982456,49.87028937268305,10.029032328377285,-0.11541844357545661,-0.21168206722653837,0.8131967099931927,1.0315593191343528,1.0527681282516084,0.19102245158000095
2023-02-01,115955.59232606532,13.0,78.48156167943563,74.54754031537271,565.5222106688954,48.65184029756024,0,2,2,0,0,31,36.63177168694904,42.694332662965486,47.34235194899485,52.770710348188224,49.997993742758986,48.82943665930979,11.609750589461457,-0.14199919750181078,-0.2262367588662485,0.7326648320214704,0.9468850328789695,1.0239314062048757,0.23220432902155905
2023-02-02,123402.01110104824,15.0,60.848142302931606,67.39947369984498,567.9955474544684,57.30996578680771,0,3,2,0,0,32,48.65184029756024,36.63177168694904,53.24748598649307,46.56575024682824,50.185063506839754,48.53523165569351,11.570311019889116,0.32813233040796796,-0.08630728012395883,0.9694486147442944,1.0610225885085496,1.0339924585680371,0.23055288190104992
2023-02-03,119333.1562841764,14.0,64.67745744009599,65.83584508598628,571.3123524361957,63.119711663704855,0,4,2,0,0,33,57.30996578680771,48.65184029756024,48.28729793604421,47.971556237879966,50.76541776402756,49.30267562283489,11.848070913234213,0.17796090417738308,0.18685385673710475,1.1289174463844878,0.9511848826005457,1.0296686158045993,0.23338862231583507
2023-02-04,92334.01964841277,13.0,66.11627993279276,64.6461587546271,572.6532192195359,53.86384102901136,0,5,2,1,0,34,63.119711663704855,57.30996578680771,73.5177116344172,52.119316448640426,52.88433401083622,50.38468672467953,12.631439371933501,0.10137409431562605,-0.14143530503803836,1.193542716275322,1.3901604891035049,1.049611249938214,0.23885030620495792
2023-02-05,84238.22540011592,11.0,69.53207366355907,77.23217909221232,576.1511097778683,37.046585849661696,0,6,2,1,0,35,53.86384102901136,63.119711663704855,48.26500434344903,45.77341194692572,50.07663821006396,50.50929562327745,8.919647185797524,-0.14663993847132561,0.11600199278387224,1.07562813627905,0.9638227738248841,0.9914341032106158,0.17811992786698153
2023-02-06,124723.454380019,11.0,80.09040431249888,86.1703384725673,578.9968630292766,66.64950564378161,0,0,2,0,0,36,37.046585849661696,53.86384102901136,42.694332662965486,34.266637927206254,48.47400699666577,49.88595090204431,10.213405366801725,-0.31221789716577764,-0.1322832905689808,0.7642567253045515,0.8807675558140297,0.971696562261567,0.21069859909671265
2023-02-07,116157.31950448093,13.0,69.92809036334174,67.94035446197987,580.9076187995015,52.87889199989274,0,1,2,0,0,37,66.64950564378161,37.046585849661696,36.63177168694904,54.158773875355344,51.89617456535378,52.199012881799696,11.838126222155408,0.799072819132407,0.8194453223109359,1.2842855220445717,0.7058665112361604,0.994198389974698,0.228111731188345
2023-02-08,118791.25580440628,13.0,69.75991110016592,61.47522912332967,583.9161149172478,61.15576534334592,0,2,2,0,0,38,52.87889199989274,66.64950564378161,48.65184029756024,47.34235194899485,54.217191752917174,52.10759274783807,9.75620561093676,-0.20661238985759334,0.08688369600161816,0.9753159521960592,0.8973507982353681,1.040485443556911,0.17994671607851812
2023-02-09,124999.44494347648,15.0,65.77433546514929,72.65703682130403,585.1310801073186,54.79484506206142,0,3,2,0,0,39,61.15576534334592,52.87889199989274,57.30996578680771,53.24748598649307,56.00346675945798,53.09426513314887,9.711990058620396,0.15652509026607397,0.06710524956243269,1.0919996364871074,1.0233288955657212,1.0547931423292791,0.1734176582377414
2023-02-10,127273.86631998164,14.0,68.64567091001206,66.49338759920963,586.5714687780965,58.13629712541215,0,4,2,0,0,40,54.79484506206142,61.15576534334592,63.119711663704855,48.28729793604421,55.644163798779935,53.20479078140375,9.702118684154648,-0.10401178442576064,-0.13189012405502487,0.9847366070628751,1.1343455872921004,1.0458487474821307,0.174360041050116
2023-02-11,90273.63312475989,13.0,57.29797138571441,64.79150510438538,588.1845969995046,55.61839114549623,0,5,2,1,0,41,58.13629712541215,54.79484506206142,53.86384102901136,73.5177116344172,54.9322474361667,53.90829072350146,9.233686335496138,0.06098113900251301,0.07931955862745887,1.0583273002432438,0.9805504697692031,1.0189944199477066,0.16809227305374722
2023-02-12,89203.32687044704,12.0,57.60464688009262,51.23319841551492,589.8614148330535,56.26842431341157,0,6,2,1,0,42,55.61839114549623,58.13629712541215,37.046585849661696,48.26500434344903,55.18289745280739,52.62976783143568,9.22365891766997,-0.04331039478631171,0.5013094964054328,1.0078918236046102,0.6713418026181766,1.0485111321324645,0.1671470572120298
2023-02-13,123439.58521764285,12.0,68.87671201314902,74.56435630201577,591.1161687188452,57.44778564138053,0,0,2,0,0,43,56.26842431341157,55.61839114549623,66.64950564378161,42.694332662965486,57.92887437620023,53.201440686433,4.653406424852124,0.011687378123090175,-0.15575631402059154,0.971336400358733,1.1505403196849309,1.0888591291658907,0.08032965382051255
2023-02-14,118837.91203853032,13.0,64.9930021188915,60.938542048709294,594.1946351725215,57.94145488765694,0,1,2,0,0,44,57.44778564138053,56.26842431341157,52.87889199989274,36.63177168694904,56.6143429472858,54.25525875631979,2.6461051456671147,0.02095955844435915,0.08640297609672043,1.0147214054019977,0.934019353525463,1.0434812079979476,0.0467391301905761
2023-02-15,121980.62316642117,13.0,64.53977967329885,70.2856443339717,596.0875516522257,48.67091147469616,0,2,2,0,0,45,57.94145488765694,57.44778564138053,61.15576534334592,48.65184029756024,57.33756621696639,55.777378984941784,2.0879616730517854,0.008593355527368063,-0.05255940200638365,1.010532164347636,1.0665915799762307,1.0279716842278626,0.03641524764324493
2023-02-16,123125.44491616086,13.0,69.38556893286972,68.16229670058337,598.4695556269111,46.701890357629054,0,3,2,0,0,46,48.67091147469616,57.94145488765694,54.79484506206142,57.30996578680771,55.55401566430214,55.77874121188006,3.2767462399069665,-0.15999845759716413,-0.11176112607726518,0.8761006903407539,0.9863345503801528,0.9959711255095507,0.05898306721349283
2023-02-17,129304.48890487566,14.0,69.76080770522283,66.03894906719505,600.1132745337802,56.68687012755386,0,4,2,0,0,47,46.701890357629054,48.67091147469616,58.13629712541215,63.119711663704855,54.39787927795466,55.0210215383673,4.70548648847538,-0.04045580938197135,-0.19668274955862242,0.8585241001583588,1.068723595424657,0.9886744694484069,0.0865012855451946
2023-02-18,91506.95315827384,13.0,60.12278823643668,61.06304902451545,600.7567918933414,56.466105413242495,0,5,2,1,0,48,56.68687012755386,46.701890357629054,55.61839114549623,53.86384102901136,54.19081827826062,54.561532857213656,4.542635245896122,0.2138024755200021,0.019210893376302662,1.0460604199862131,1.0263434454874858,0.9932055688405385,0.08382665902128408
2023-02-19,83158.07937854905,12.0,65.37271296931144,70.72976266023267,603.0728377800546,44.31597195134072,0,6,2,1,0,49,56.466105413242495,56.68687012755386,56.26842431341157,37.046585849661696,54.31192031651009,54.747408884658746,4.597998064252452,-0.003894459401526551,0.003513179944934164,1.0396632099211112,1.03602347303317,0.9920454944440177,0.08465909578333805
2023-02-20,126696.33587757916,11.0,67.78134961594523,69.75455195833237,603.6430337997188,55.45030490148058,0,0,2,0,0,50,44.31597195134072,56.466105413242495,57.44778564138053,66.64950564378161,52.60442712192854,55.26665074906439,5.809932041422121,-0.2151756947461142,-0.2285869427938535,0.8424380679714176,1.0920713100482184,0.9518294741756009,0.11044568602478343
2023-02-21,123967.67087833471,12.0,68.2391669248035,72.51339844220522,605.6881265628502,60.65896716416105,0,1,2,0,0,51,55.45030490148058,44.31597195134072,57.94145488765694,52.87889199989274,52.319072730514264,54.46670783890003,5.576778799076346,0.25124875885302567,-0.04299426017186603,1.0598487703919124,1.1074633372441922,0.9605697646581105,0.10659169797984167
2023-02-22,122908.31199877616,14.0,61.78916977214162,74.31353874029071,606.6934745317841,46.23996277513223,0,2,2,0,0,52,60.65896716416105,55.45030490148058,48.67091147469616,61.15576534334592,52.70728877001484,55.022427493490625,6.1031473688185685,0.09393387956900834,0.24630842789326923,1.1508648723868702,0.9234189921448782,0.9579237262160112,0.11579323299001953
2023-02-23,128170.70515536348,14.0,58.24599368125152,53.77558688644597,610.3832953311687,47.256885667236496,0,3,2,0,0,53,46.23996277513223,60.65896716416105,46.701890357629054,54.79484506206142,52.36001038436285,53.957013024332504,6.431435748817872,-0.23770606495832258,-0.009890982548233618,0.8831159970308494,0.8919381416237538,0.9704023156498773,0.12283106327913564
2023-02-24,129955.9980899838,15.0,64.00154343221323,74.28729762061371,613.2123855089086,55.26396088679298,0,4,2,0,0,54,47.256885667236496,46.23996277513223,56.68687012755386,58.13629712541215,52.439295428592494,53.41858735327357,6.353001279723171,0.021992294782970045,-0.16635218065662294,0.9011731618626918,1.0809998430422347,0.9816675810199788,0.12114963078354406
2023-02-25,94401.9204764648,14.0,58.45084296609576,62.28245406049268,615.3969885419257,53.98564397770118,0,5,2,1,0,55,55.26396088679298,47.256885667236496,56.466105413242495,55.61839114549623,52.23602267991236,53.213420479086494,6.215724106597019,0.16943721759277586,-0.021289666033308285,1.0579664769929933,1.0809801841011306,0.9816324943900522,0.11899305857731984
2023-02-26,87397.68990710944,12.0,66.50864412446411,63.71299505795565,618.5079538840494,42.218286994486576,0,6,2,1,0,56,53.98564397770118,55.26396088679298,44.31597195134072,56.26842431341157,51.881671046263605,53.09679568138684,6.001388397820397,-0.02313111272842716,0.2181983515328927,1.0405532992482343,0.8541739511787034,0.9771149158903162,0.11567453932755703
2023-02-27,124919.15049659512,12.0,71.75973894505,65.75622302734506,619.9309011020769,59.93508062420359,0,0,2,0,0,57,42.218286994486576,53.98564397770118,55.45030490148058,57.44778564138053,51.58200176671301,52.09321444432078,6.475756751227828,-0.21797196654864615,-0.23862840665174945,0.8184693410198546,1.0749932728912406,0.9901865783660908,0.1255429515999663
2023-02-28,127589.05372561426,13.0,63.46758982126199,64.82846990312443,622.4656846050129,55.008170451922346,0,1,2,0,0,58,59.93508062420359,42.218286994486576,60.65896716416105,57.94145488765694,52.222684012816295,52.27087837166528,7.112774822811611,0.41964738247268807,-0.011933710278950294,1.147682884500815,1.1615444190741777,0.9990779883493385,0.13620086667828143
2023-03-01,130274.18050848944,13.0,75.56080213098113,80.0568922644072,624.7255329519879,52.12627362446701,0,2,3,0,0,59,55.008170451922346,59.93508062420359,46.23996277513223,48.67091147469616,51.41542733963934,52.061358054827096,6.265990371550694,-0.08220411353366253,0.18962402109686916,1.0698767529160091,0.8993402402294723,0.9875928953964761,0.12186984910499524
2023-03-02,124563.30304861884,15.0,68.20670157421114,68.92761565748124,627.0367490170548,44.52200980279875,0,3,3,0,0,60,52.12627362446701,55.008170451922346,47.256885667236496,46.701890357629054,52.25632888954431,52.308169636953586,5.835892863477879,-0.05239034135800136,0.10304081380899155,0.9975112054780542,0.9043284645411032,0.9990089359316321,0.11167820219084605
2023-03-03,125845.36409334472,14.0,67.57404764954677,76.61501277087416,630.1546318171402,43.273458234360575,0,4,3,0,0,61,44.52200980279875,52.12627362446701,55.26396088679298,56.68687012755386,51.86563233748178,52.152463883037136,6.2995056117645,-0.1458815927731879,-0.19437533813399444,0.8584106236881642,1.065521779956307,0.9945001343330847,0.121458185851752
2023-03-04,86795.78010397589,13.0,68.9640846457215,54.02045958562395,632.8406254993641,50.93454798262356,0,5,3,1,0,62,43.273458234360575,44.52200980279875,53.98564397770118,56.466105413242495,50.152703387134295,51.194363033523324,6.8293553317355435,-0.028043468252407777,-0.1984265622128224,0.8628340111664159,1.0764254034519334,0.9796528448706956,0.13617123047224375
2023-03-05,86514.0535036773,10.0,70.35412164189624,63.30746422250224,635.171604429624,24.69521173975545,0,6,3,1,0,63,50.93454798262356,43.273458234360575,42.218286994486576,44.31597195134072,49.716832530694624,50.79925178847912,6.6386561021898425,0.17703899944330836,0.20645700260826017,1.0244930215772925,0.8491749141183013,0.9786922204623892,0.1335293453799819
2023-03-06,130162.1032895768,11.0,71.74415863807097,66.1333596883912,635.9476944806415,55.30433061310393,0,0,3,0,0,64,24.69521173975545,50.93454798262356,59.93508062420359,55.45030490148058,47.21353606573304,49.39776891622303,11.477647832239008,-0.5151579287955932,-0.587967322600334,0.5230536366810896,1.2694469768322159,0.9557827631002045,0.24310078822012515
2023-03-07,132444.96011428328,14.0,70.92458674587373,73.55782880982383,637.2796574444179,53.01538744395722,0,1,3,0,0,65,55.30433061310393,24.69521173975545,55.008170451922346,60.65896716416105,46.552000349861665,49.38734218133898,10.73140447857289,1.23947586260508,0.005383930400674419,1.1880119049120146,1.1816499836421275,0.9425897060613914,0.2305250987695694
2023-03-08,126839.95951367864,15.0,71.28718099852215,71.52602869089262,639.2814902975413,82.12733665097085,0,2,3,0,0,66,53.01538744395722,55.30433061310393,52.12627362446701,46.23996277513223,46.2673170630095,48.84137220132442,10.493486077982308,-0.04138813622317594,0.017056922693067467,1.14584961500486,1.1266327276655883,0.9472976490565284,0.22680126586315072
2023-03-09,131250.1315915681,15.0,70.74754692545831,69.49422857196139,641.4561881969627,74.96512255713947,0,3,3,0,0,67,82.12733665097085,53.01538744395722,44.52200980279875,47.256885667236496,50.55318320965291,51.40475604959861,17.24196717742385,0.5491226342123403,0.8446457609334641,1.6245730028586804,0.8806964660990422,0.9834339678779128,0.3410659049088638
2023-03-10,128790.54410019051,15.0,62.76829736549778,51.70585480915237,642.6520252172235,54.87402650723345,0,4,3,0,0,68,74.96512255713947,82.12733665097085,43.273458234360575,55.26396088679298,54.902199317415864,53.383915827448824,19.195844755167343,-0.08720864922564997,0.7323580230436644,1.3654302284637132,0.7881917076614003,1.0284408415237754,0.349637081825939
2023-03-11,89184.96098157951,13.0,54.78904780553725,59.82597897841228,646.6813665576863,48.01841021811743,0,5,3,1,0,69,54.87402650723345,74.96512255713947,50.93454798262356,53.98564397770118,56.5594233563977,53.35606337176599,18.51319875615662,-0.268005912143908,0.07734393806643491,0.9702013077724633,0.9005492800319033,1.060037412473852,0.327322975686995
2023-03-12,93288.78242203363,12.0,62.39716096585201,67.10142153134916,649.6287715079446,54.827773549117445,0,6,3,1,0,70,48.01841021811743,54.87402650723345,24.69521173975545,42.218286994486576,56.14283224718254,52.929832388938586,18.692806167532293,-0.12493372047725204,0.9444421341330416,0.8552901286971887,0.43986401738745107,1.060703004586038,0.3329508936284626
2023-03-13,133820.14626586388,12.0,64.24595330960129,68.41823642248953,652.576176458203,63.40873981243779,0,0,3,0,0,71,54.827773549117445,48.01841021811743,55.30433061310393,59.93508062420359,60.447483934234256,53.83050999998365,12.777534812278587,0.14180734639213077,-0.00861699361882462,0.9070315252288921,0.9149153449178136,1.1229223712398901,0.2113824096662205
2023-03-14,127632.6958435602,13.0,68.86643641777835,76.27206009333344,654.73380594723,38.53928422580775,0,1,3,0,0,72,63.40873981243779,54.827773549117445,53.01538744395722,55.008170451922346,61.605256676996234,54.078628513428946,12.599777256617871,0.1565076549320954,0.19604407077977903,1.029274825440586,0.8605659695880057,1.1391793462679671,0.20452438535691878
2023-03-15,134142.57462325605,15.0,64.52572803382162,61.26531402881206,656.6640387713092,42.43070407976162,0,2,3,0,0,73,38.53928422580775,63.40873981243779,82.12733665097085,52.12627362446701,59.53724193154631,52.9022794972779,15.170381000845024,-0.3922086396953095,-0.530737440207101,0.6473138992585309,1.3794279678826538,1.1254192162855632,0.25480490040649445
2023-03-16,117513.01958364104,14.0,61.7099712236689,67.76905750618738,658.0025040032914,48.245127551989626,0,3,3,0,0,74,42.43070407976162,38.53928422580775,74.96512255713947,44.52200980279875,53.86629442137356,52.209738815513234,12.503642778971969,0.10097281078583165,-0.4339940677423646,0.7877041577771048,1.3916888726504661,1.0317288621518272,0.23212368538220182
2023-03-17,131387.61001750088,14.0,59.978666521336535,68.9454707794591,660.1644884181064,58.8839346944382,0,4,3,0,0,75,48.245127551989626,42.43070407976162,54.87402650723345,43.273458234360575,50.04915227778073,52.4756757975983,8.391359104508961,0.1370333959412504,-0.12080212401344392,0.9639549394207823,1.0964027163272199,0.9537590801273944,0.16766236235002718
2023-03-18,92657.94827295268,13.0,62.07222208364541,55.76483974688375,662.4706904502206,53.1062551957252,0,5,3,1,0,76,58.8839346944382,48.245127551989626,48.01841021811743,50.93454798262356,50.62199630452427,53.59070983046098,8.897250163128732,0.22051568069716576,0.2262783050701913,1.1632084665372144,0.9485680874625219,0.9446039521527424,0.1757585795235332
2023-03-19,91191.49059813652,12.0,59.211955486597454,63.967823518872855,663.5772819898353,55.280701545795495,0,6,3,1,0,77,53.1062551957252,58.8839346944382,54.827773549117445,24.69521173975545,51.348831301325376,53.74583177425395,8.856835596804322,-0.09811979326270681,-0.03139865513324236,1.034225197533453,1.0677511475845853,0.9554011837979067,0.17248368409459236
2023-03-20,128791.043106142,12.0,65.46301544929786,64.84951320439993,665.9446231236312,39.83393242111454,0,0,3,0,0,78,55.280701545795495,53.1062551957252,63.40873981243779,55.30433061310393,51.41353530085081,55.93050961754253,8.888086398244148,0.040945202068123354,-0.12818482579349344,1.0752168903055512,1.2333082998746534,0.919239528701255,0.17287444534274352
2023-03-21,120581.72434159643,12.0,56.73229775373657,59.97822483748102,667.9204158845715,30.31280556768877,0,1,3,0,0,79,39.83393242111454,55.280701545795495,38.53928422580775,53.01538744395722,48.04570567351892,54.825481175257586,8.008275050662437,-0.27942426005365695,0.03359294863187512,0.8290841369215144,0.8021379577124045,0.8763389694644698,0.16668035027064476
2023-03-22,127761.31244864996,14.0,65.51995284939704,69.15434469720931,668.4941698382695,60.831440255595965,0,2,3,0,0,80,30.31280556768877,39.83393242111454,42.43070407976162,82.12733665097085,46.870494436644776,53.20386818409554,9.99342002674173,-0.23902051027176419,-0.28559268046303243,0.646735348795239,0.9052753675793956,0.8809602766938659,0.21321345436732944
2023-03-23,130176.45028604698,14.0,73.20351617163892,71.12667011674338,669.9058618296459,47.5167287309429,0,3,3,0,0,81,60.831440255595965,30.31280556768877,48.245127551989626,74.96512255713947,49.499171033192546,51.68273272728305,11.000282937173694,1.0067901705686335,0.2608825666393597,1.228938565755058,0.9746653639843382,0.9577506532866089,0.2222316597948127
2023-03-24,134767.5761789661,16.0,70.30112466594453,67.86235933694756,671.6749774029087,42.93431338578536,0,4,3,0,0,82,47.5167287309429,60.831440255595965,58.8839346944382,54.87402650723345,49.395114058757294,49.72213316826901,11.017554217692398,-0.21887878157591745,-0.19304426619046866,0.9619722443482976,1.1921003892084066,0.9934230675822974,0.22304947417646642
2023-03-25,90780.99912690542,13.0,57.78394056764177,61.39791454155355,675.2851275287808,50.16646050258431,0,5,3,1,0,83,42.93431338578536,47.5167287309429,53.1062551957252,48.01841021811743,47.116596728949744,48.869296516737,10.357619943491418,-0.09643793812290524,-0.19153942925274514,0.9112354534597641,1.1271241745500529,0.964134949493554,0.21982954335764682
2023-03-26,89697.86558842726,12.0,58.58433765375232,56.43124042868784,677.8303700284079,52.97132177847129,0,6,3,1,0,84,50.16646050258431,42.93431338578536,55.280701545795495,54.827773549117445,46.69662605850105,49.02272867991321,10.13140972671721,0.1684467864156729,-0.09251404016597842,1.0743058918161728,1.1838264605357227,0.9525505273971977,0.2169623499998626
2023-03-27,127172.97182566184,11.0,74.3448977780007,69.04679257797464,678.8619847731279,46.04445776947017,0,0,3,0,0,85,52.97132177847129,50.16646050258431,39.83393242111454,63.40873981243779,46.36671466316902,48.890124982009915,9.83866811793289,0.05591108576899684,0.32980397763573777,1.142442852880163,0.8591062082031933,0.9483860939245005,0.21219247879445183
2023-03-28,132949.60847080828,13.0,64.72888952291952,70.17997803311815,681.3508138046619,48.38395367768853,0,1,3,0,0,86,46.04445776947017,52.97132177847129,30.31280556768877,38.53928422580775,47.25393257007697,47.64981912179794,9.422604544321791,-0.13076630479355622,0.5189771090852173,0.9744047799870802,0.6414874682172805,0.9916917512171654,0.19940360583424863
2023-03-29,130711.00443863872,15.0,65.68079712637882,61.80066752530978,682.2129706135113,55.21932440655176,0,2,3,0,0,87,48.38395367768853,46.04445776947017,60.831440255595965,42.43070407976162,49.835525157219784,48.353009796932284,5.778345783796427,0.05080950067718182,-0.20462258538687772,0.9708727564332497,1.220644110073819,1.0306602498275415,0.11594832733410666
2023-03-30,127384.95918493182,15.0,66.9151997125202,71.86372227456222,685.1791234566209,53.2923589567589,0,3,3,0,0,88,55.21932440655176,48.38395367768853,47.5167287309429,48.245127551989626,49.03379432164205,49.266482677417294,4.1615585854361665,0.14127350514588577,0.16210281897189893,1.1261483058874684,0.9690608158783756,0.9952769440169127,0.08487123305486027
2023-03-31,131665.0697324534,15.0,69.55999650662955,72.9609536695734,686.9022237351667,45.78213316341227,0,4,3,0,0,89,53.2923589567589,55.21932440655176,42.93431338578536,58.8839346944382,49.85888435390148,49.62699920632939,4.377592355312685,-0.03489657779232491,0.24125331824691232,1.0688638473834755,0.8611166082464845,1.0046725603256406,0.0877996451793879
2023-04-01,93786.71019739217,13.0,59.8610630594816,54.25981680363229,688.9273147841753,43.51537532628998,0,5,4,1,0,90,45.78213316341227,53.2923589567589,50.16646050258431,53.1062551957252,50.26571575070532,48.691156239827535,3.7079087469545735,-0.14092500201464875,-0.0873955885116946,0.9108023725449461,0.9980253887438255,1.0323376898901788,0.07376615833631187
2023-04-02,97350.73996213156,13.0,60.21695729785124,59.78574257660272,692.087952102209,53.66209328066235,0,6,4,1,0,91,43.51537532628998,45.78213316341227,52.97132177847129,55.280701545795495,49.31556072552041,48.00609339201073,4.504242553646522,-0.0495118440425536,-0.1785106758658308,0.8823863033513297,1.074129970321093,1.0272771067376127,0.09133511790966238
2023-04-03,127127.7876244906,13.0,63.95275485047093,72.13275089561361,693.1582212473417,54.21005034293162,0,0,4,0,0,92,53.66209328066235,43.51537532628998,46.04445776947017,39.83393242111454,49.414242368690566,47.890478515929786,4.604142985801405,0.23317546679281875,0.16544087779969607,1.0859641008006888,0.9318053978430411,1.0318176785862336,0.09317441217551974
2023-04-04,128733.3514136089,13.0,64.50402975656327,61.69739614955221,694.1405266992513,53.09745415331716,0,1,4,0,0,93,54.21005034293162,53.66209328066235,48.38395367768853,30.31280556768877,50.58075559347077,48.91734408177388,4.642338669926453,0.01021125022841285,0.1204138195082991,1.0717524818852122,0.9565684242948357,1.0340045344431663,0.09178072995267215
2023-04-05,128583.56738747135,14.0,64.889048278363,64.58921731114347,695.7736472381745,46.0862554599535,0,2,4,0,0,94,53.09745415331716,54.21005034293162,55.21932440655176,60.831440255595965,51.25411280427487,50.54481898074732,4.6123351534828565,-0.02052379923236014,-0.03842622625391712,1.0359647499134654,1.077363774053,1.0140329679249167,0.08998956183469754
2023-04-06,124405.94020747152,15.0,64.76256504245595,69.12035650022423,698.7043503189899,54.600875733097176,0,3,4,0,0,95,46.0862554599535,53.09745415331716,53.2923589567589,47.5167287309429,49.949388669046535,49.49159149534429,4.595460158413885,-0.13204397094292042,-0.13521832468801753,0.9226590492490451,1.0669271511982288,1.0092499990376207,0.0920023303761008
2023-04-07,131552.4811082583,15.0,68.28552162407016,73.5453698456691,699.5888734586084,39.15160973790336,0,4,4,0,0,96,54.600875733097176,46.0862554599535,45.78213316341227,42.93431338578536,50.136319637094864,49.997601995498165,4.777129606437506,0.18475400503176975,0.192624108147337,1.089048341169005,0.9131530494220597,1.0027744858965273,0.09528281375689576
2023-04-08,94986.94108871954,13.0,57.308261425174,59.58891470991672,699.42314898012,50.75509748368901,0,5,4,1,0,97,39.15160973790336,54.600875733097176,43.51537532628998,50.16646050258431,49.18910200487931,49.727408877792314,6.22294365878595,-0.28294905141656923,-0.10028100540707585,0.7959407295953423,0.8846548026425339,0.9891748457226894,0.12651061729422639
2023-04-09,94040.93382656985,12.0,67.98040626285307,66.39677403682424,701.1622218933928,58.38736660147317,0,6,4,1,0,98,50.75509748368901,39.15160973790336,53.66209328066235,52.97132177847129,50.22334802736488,49.76945437644265,5.702684751554469,0.29637319700170894,-0.054172240016229445,1.0105876943136967,1.0684690564918895,1.009119924190631,0.11354648735180464
2023-04-10,129753.65146649942,12.0,69.2834804405799,77.53863366095646,703.7036145333216,37.736711953726655,0,0,4,0,0,99,58.38736660147317,50.75509748368901,54.21005034293162,46.04445776947017,50.898387073195,50.15631472094278,6.413009779882529,0.15037443520302385,0.07705796678136112,1.1471358909174971,1.0650642085175361,1.0147951929160053,0.12599632618338627
2023-04-11,125138.51703179836,12.0,69.20236430074272,79.05638975958207,706.7638239331126,44.51240410476282,0,1,4,0,0,100,37.736711953726655,58.38736660147317,53.09745415331716,48.38395367768853,48.54505301759429,49.562904305532534,7.855523287458031,-0.353683610851966,-0.28929338410909244,0.7773544286798832,1.0937768290019774,0.9794634454497732,0.16181923386943128
2023-04-12,129225.41870893857,14.0,62.93487799647869,70.24219265109194,708.4932948434442,56.73626256943792,0,2,4,0,0,101,44.51240410476282,37.736711953726655,46.0862554599535,55.21932440655176,47.31861729637224,49.28636505032356,7.694850722229513,0.17955173623352838,-0.034150124358839906,0.9406953678711031,0.9739560894457239,0.9600752104168736,0.16261782701793892
2023-04-13,217376.6111272914,14.0,86.9161041562471,60.47536170664497,710.2641535577515,88.38426903505655,1,3,4,0,0,102,56.73626256943792,44.51240410476282,54.600875733097176,53.2923589567589,48.840046883441445,49.394717776243986,8.42846819514025,0.2746169008509505,0.039109021744981654,1.1616750226477277,1.1179529754220785,0.9887706435470454,0.17257289320903185
2023-04-14,127914.89092311352,14.0,69.19700321111867,66.31627396069031,713.2872741451561,50.4269287929076,0,4,4,0,0,103,88.38426903505655,56.73626256943792,39.15160973790336,45.78213316341227,53.66624592657849,51.901282781836684,17.290399228147617,0.5578091511911896,1.257487485871882,1.646924757061939,0.7295388202011969,1.0340061564983027,0.3221838779593945
2023-04-15,93841.89715333596,13.0,63.22097754284727,61.42456000149499,713.8914807853998,43.717930762848496,0,5,4,1,0,104,50.4269287929076,88.38426903505655,50.75509748368901,43.51537532628998,55.2770057915791,52.23305389822921,16.203930146811015,-0.42945809991474415,-0.00646572870610429,0.9122586882336098,0.9181954911787398,1.0582763531169501,0.29314051864364044
2023-04-16,96181.00342725815,12.0,61.38521074423304,66.72073912171521,715.6806641652533,31.370335616627283,0,6,4,1,0,105,43.717930762848496,50.4269287929076,58.38736660147317,53.66209328066235,54.27169626003046,52.247522143697665,16.740639888266344,-0.13304395470149488,-0.2512433201303953,0.8055383150986105,1.075834562489505,1.038742011741067,0.3084598610674961
2023-04-17,138992.7436048421,13.0,70.29595296591289,73.32875347717373,717.9330032771933,53.33739787652599,0,0,4,0,0,106,31.370335616627283,43.717930762848496,37.736711953726655,54.21005034293162,50.41212040505248,50.65525373912374,18.640249639374318,-0.2824377762342357,-0.16870511519143272,0.622277646021873,0.7485642668969058,0.9952002346030403,0.3697573022043748
2023-04-18,132254.31125132737,13.0,70.63597615035464,78.51677388501587,720.3923782542214,68.36321955457376,0,1,4,0,0,107,53.33739787652599,31.370335616627283,44.51240410476282,53.09745415331716,52.64078982259524,50.592921420094754,17.785180802086803,0.7002495136920199,0.19825920323227142,1.013233237120461,0.8455876945382869,1.0404773700553118,0.33785930762104166
2023-04-19,132694.20156289104,16.0,57.04195977745537,63.885818284645,722.0845328996687,61.19044835013531,0,2,4,0,0,108,68.36321955457376,53.33739787652599,56.73626256943792,46.0862554599535,56.048049172568234,51.68333323447023,18.24707357966748,0.2817126870874347,0.20492990652857923,1.2197252279751598,1.0122789893141637,1.0844511308567644,0.3255612612579244
2023-04-20,131474.21633693532,15.0,62.50031853247051,57.484853317177325,724.2120857090334,56.40314100849989,0,3,4,0,0,109,61.19044835013531,68.36321955457376,88.38426903505655,54.600875733097176,56.684361426953565,52.7622041551975,18.352431918581612,-0.10492149508424609,-0.30767715773193915,1.0794943580512684,1.559235507115188,1.0743364939838227,0.3237653465009307
2023-04-21,124204.91513880384,15.0,66.43252287475184,73.40575638841608,724.321423826303,58.63472546772993,0,4,4,0,0,110,56.40314100849989,61.19044835013531,50.4269287929076,39.15160973790336,52.115628851731195,52.89093738915484,12.041264227032265,-0.07823618670420873,0.11851231789537064,1.08226922040923,0.967597051095211,0.9853413727247984,0.23104900568867018
2023-04-22,109777.47798928397,14.0,54.02567062005917,53.23023335947528,725.8948250964359,51.55840525818908,0,5,4,1,0,111,58.63472546772993,56.40314100849989,43.717930762848496,50.75509748368901,53.288171233848665,54.28258851271388,12.247279891512408,0.03956489690696019,0.3412054149085604,1.1003328526779153,0.8204059128056331,0.9816807321442989,0.22983111651114294
2023-04-23,95350.0408397641,11.0,65.51900234681781,65.4953455176925,728.3576320664795,38.26349548029961,0,6,4,1,0,112,51.55840525818908,58.63472546772993,31.370335616627283,58.38736660147317,54.408239018897326,54.339967639463886,11.565724600461474,-0.12068480159313366,0.6435401230091231,0.9476212828774255,0.5765732576959822,1.0012563750476704,0.21257303689693782
2023-04-24,142056.96844994114,13.0,65.26365796486219,68.46192740314822,729.6717968390757,59.3257560980607,0,0,4,0,0,113,38.26349548029961,51.55840525818908,53.33739787652599,37.736711953726655,55.392976142279075,52.90254827366578,9.360517378346154,-0.25786115205294924,-0.2826141318540113,0.6907643918972379,0.9628909943298001,1.047075763831456,0.16898383207111478
2023-04-25,131542.5561408755,14.0,68.25428223828659,79.58176323954909,731.8189842163474,56.09421744826961,0,1,4,0,0,114,59.3257560980607,38.26349548029961,68.36321955457376,44.51240410476282,56.24845588821261,54.44462285540393,9.414830061716161,0.5504531238816179,-0.13219774486042934,1.0547090610978527,1.215379488646548,1.0331315185633552,0.16737935136258783
2023-04-26,133626.18936933446,16.0,63.313171413289474,81.20012991065839,733.9607135363253,59.18893695309437,0,2,4,0,0,115,56.09421744826961,59.3257560980607,61.19044835013531,56.73626256943792,54.495741301597725,55.27189523708297,7.784454406011272,-0.05447109084374113,-0.08328474523841978,1.0293321296030342,1.1228482609583532,0.9859575299136023,0.14284518790063774
2023-04-27,132389.15292117902,15.0,58.32730981187579,64.69546314518155,736.1024428563034,48.85343599828873,0,3,4,0,0,116,59.18893695309437,56.09421744826961,56.40314100849989,88.38426903505655,54.20981110202046,55.44708626448702,7.530173446429658,0.05517002724351627,0.04939079446257555,1.0918491643828718,1.0404600175114367,0.9776854791509755,0.13890794476775073
2023-04-28,127961.28784952188,16.0,67.12032050817344,67.78027331293681,738.3388138731007,69.07133593794636,0,4,4,0,0,117,48.85343599828873,59.18893695309437,58.63472546772993,50.4269287929076,53.13128181484744,52.62345533328931,7.702364929142176,-0.17461879680312964,-0.16681734912913349,0.9194853639807486,1.1035819853181965,1.0096501926439803,0.1449685508432391
2023-04-29,100146.97125806008,13.0,58.69738375564887,64.63043524692185,739.6686278208729,55.04728317457454,0,5,4,1,0,118,69.07133593794636,48.85343599828873,51.55840525818908,43.717930762848496,54.6222261677355,53.95519870079208,9.697040622212917,0.4138480646553875,0.33967169062071934,1.2645280279467213,0.9439088970827013,1.0123626171899098,0.17752920930822128
2023-04-30,98661.1721307471,12.0,59.849978132107495,67.31825963505518,741.6033387971162,42.89680025421983,0,6,4,1,0,119,55.04728317457454,69.07133593794636,38.26349548029961,31.370335616627283,55.1206372986477,54.76443815877251,9.602520157736837,-0.20303723060997425,0.4386370738898189,0.9986692076204466,0.6941773055522772,1.006504205134772,0.17420916426836053
2023-05-01,136124.1277881722,12.0,72.66121903612569,74.66983891807436,744.1915117327875,58.03408285586569,0,0,5,0,0,120,42.89680025421983,55.04728317457454,59.3257560980607,53.33739787652599,55.78253798063631,55.587757061457694,8.321083007373117,-0.22072811262676117,-0.2769278796326696,0.7690005117571115,1.0635184099843995,1.0035040255170444,0.14917003256936065
2023-05-02,129430.45018082103,13.0,72.55670177691492,82.02141820109355,746.4170901015622,47.862678808348655,0,1,5,0,0,121,58.03408285586569,42.89680025421983,56.09421744826961,68.36321955457376,55.5980132317513,55.92323455998196,8.243373586406959,0.35287673001104025,0.03458227061256425,1.0438157675519812,1.008924855182324,0.9941845043336713,0.14826741293876441
2023-05-03,138787.1772437444,15.0,61.9224816619268,65.68833912549846,748.0478650859111,50.87015218469384,0,2,5,0,0,122,47.862678808348655,58.03408285586569,59.18893695309437,61.19044835013531,54.42207914033403,54.45891022096588,8.733352559930973,-0.1752660427628172,-0.19135768824031196,0.8794717064176995,1.0875905126753502,0.9993236904579542,0.16047443790985913
2023-05-04,127676.59574883088,16.0,62.65810977728555,67.61520326728542,750.3272382093437,52.5543408367007,0,3,5,0,0,123,50.87015218469384,47.862678808348655,48.85343599828873,56.40314100849989,53.23368131627681,53.72174620914863,8.54045185758028,0.06283545867517537,0.04128094872335608,0.9556008701043884,0.9177166558900226,0.9909149473479195,0.16043323787507702
2023-05-05,135739.42837520107,16.0,65.5419454420343,70.76317761389974,752.998926041853,45.04598959494184,0,4,5,0,0,124,52.5543408367007,50.87015218469384,69.07133593794636,58.63472546772993,53.762382007478514,53.446831911162974,8.336208081667715,0.03310760003021196,-0.23912951555019168,0.9775299916843385,1.2847521512037603,1.0059040000133224,0.15505652410468201
2023-05-06,104881.82250323992,13.0,65.43108967888942,69.45280479618381,753.4589730189911,53.85348214289348,0,5,5,1,0,125,45.04598959494184,52.5543408367007,55.04728317457454,51.55840525818908,50.33018967276359,52.476207920249536,5.417656439396119,-0.14286833632047946,-0.181685507492078,0.8950093351092352,1.093722943078111,0.9591049290233138,0.1076422813945386
2023-05-07,92235.61469947724,12.0,62.29289533328633,69.02901876897712,756.4862322709557,32.21977800972995,0,6,5,1,0,126,53.85348214289348,45.04598959494184,42.89680025421983,38.26349548029961,50.15964666823772,52.64014198344272,5.260941488657699,0.1955222346572807,0.25541956098685525,1.0736415768453726,0.8552053912569345,0.9528782556098498,0.10488394233424798
2023-05-08,131450.8090815889,13.0,66.930519327354,65.45814952914859,758.3172284800108,42.170284145582976,0,0,5,0,0,127,32.21977800972995,53.85348214289348,58.03408285586569,59.3257560980607,48.63435777616774,52.20844787840202,8.35533201119173,-0.4017141189823381,-0.4448128336972005,0.6624900478385383,1.1932733464469452,0.9315419199866151,0.1717989584574321
2023-05-09,134222.60546035058,13.0,65.68708864626193,64.75816214727938,760.757620426603,35.5945710295107,0,1,5,0,0,128,42.170284145582976,32.21977800972995,47.862678808348655,56.09421744826961,46.36810081755592,50.983057024653604,7.487182494258601,0.3088322375420496,-0.11893180249185631,0.9094675736560777,1.0322328921055757,0.9094805906819975,0.16147270132366084
2023-05-10,131918.0973835352,15.0,65.04421468766509,61.5346005852736,763.8154179655193,55.95513728972762,0,2,5,0,0,129,35.5945710295107,42.170284145582976,50.87015218469384,59.18893695309437,44.61551399200764,49.51879656617083,8.452629441676049,-0.1559323881568161,-0.30028573729683794,0.7978070371639574,1.140189759862604,0.9009813865809311,0.18945493810046077
2023-05-11,127837.34627573549,15.0,59.64702509089571,64.9151262258177,764.8180790077348,55.14808577691725,0,3,5,0,0,130,55.95513728972762,35.5945710295107,52.5543408367007,48.85343599828873,45.3419404355839,49.28781087593035,9.259718829757821,0.5720132500918862,0.06471009623342105,1.2340701953243842,1.1590668668307937,0.9199422662475478,0.2042197299189888
2023-05-12,134422.2518992241,14.0,55.280851983877085,63.11936410466224,766.3505262057928,51.90836783467767,0,4,5,0,0,131,55.14808577691725,55.95513728972762,45.04598959494184,69.07133593794636,45.7124754270434,49.73742871726096,9.640496620049213,-0.01442318885988203,0.2242618326917556,1.206412150331543,0.9854200450560752,0.9190759676561098,0.21089421498153907
2023-05-13,92415.10514509556,14.0,60.28550006055905,65.51726437920667,768.2196872490923,43.15823443997324,0,5,5,1,0,132,51.90836783467767,55.14808577691725,53.85348214289348,55.04728317457454,46.69281517557709,48.51150242417034,9.906668357658424,-0.05874579138330838,-0.03611863580250385,1.1116992547887454,1.1533569338321201,0.9625101850548519,0.21216686808038415
2023-05-14,98636.44972254072,13.0,64.92515637890202,75.3125872698593,769.6926844321927,40.266052077261165,0,6,5,1,0,133,43.15823443997324,51.90836783467767,32.21977800972995,42.89680025421983,45.16492264658849,47.6622846574131,9.431590429601426,-0.16856884081912615,0.3394950898463678,0.9555697632360095,0.7133805644226794,0.9476029731101824,0.208825563665918
2023-05-15,130794.30306306478,12.0,61.1598026529829,63.89986202824109,773.1806336928622,53.37292054807778,0,0,5,0,0,134,40.266052077261165,43.15823443997324,42.170284145582976,58.03408285586569,46.314390370521515,47.47437407334463,7.967670289339945,-0.06701345410073889,-0.04515577987921304,0.8694069328156366,0.910522276299329,0.9755661085487717,0.17203444168426882
2023-05-16,140779.73762007017,14.0,64.20269713257993,69.70586598402652,774.5952160178007,50.581581987257465,0,1,5,0,0,135,53.37292054807778,40.266052077261165,35.5945710295107,47.862678808348655,47.91476699944934,47.141433908502634,8.120174602194544,0.3255066686365873,0.49946800886650444,1.1139138075886117,0.7428726728425867,1.0164045305123233,0.16947123216289176
2023-05-17,131554.98683065505,15.0,67.1082693212208,63.22811107628008,776.2507785942112,59.15795122101855,0,2,5,0,0,136,50.581581987257465,53.37292054807778,55.95513728972762,50.87015218469384,50.05576856484174,47.33564127842469,6.039603642364406,-0.052298778709437554,-0.09603327885063817,1.0105045519725582,1.1178559213858417,1.0574646759387387,0.12065749494068329
2023-05-18,133507.7539351773,15.0,73.22725982677007,71.64630934904405,778.5142898194937,49.68742974986727,0,3,5,0,0,137,59.15795122101855,50.581581987257465,55.14808577691725,52.5543408367007,50.51331341216901,47.92762692387646,6.651348480874667,0.1695551799056354,0.07271087269142651,1.1711358298417816,1.091753481442215,1.053949812545474,0.13167515713337288
2023-05-19,138158.06886947868,16.0,64.33440425242718,69.94521218977063,779.6525701986327,60.85761653792342,0,4,5,0,0,138,49.68742974986727,59.15795122101855,51.90836783467767,45.04598959494184,49.73321969401901,47.722847560531214,6.329609850682557,-0.16008873322486605,-0.04278574298240001,0.9990792885633896,1.043736322603707,1.0421259886250054,0.12727126636130023
2023-05-20,92285.18273426418,15.0,54.3669723786064,62.73908845660084,781.4360256292277,64.22985840837794,0,5,5,1,0,139,60.85761653792342,49.68742974986727,43.15823443997324,53.85348214289348,51.0116837944827,48.8522494850299,7.615372694806039,0.2248091085469357,0.41010440597535136,1.1930132865856435,0.8460460668942108,1.0442033751202087,0.1492868325124704
2023-05-21,98196.23973841652,12.0,62.25058779695594,63.33063549924384,783.7899882382279,52.00836132195756,0,6,5,1,0,140,64.22985840837794,60.85761653792342,40.266052077261165,32.21977800972995,54.02191578996908,49.59341921827878,8.140192507734016,0.05541199380283168,0.5951367242344945,1.1889592856739133,0.7453651261427101,1.0892960526113125,0.15068315124887716
2023-05-22,140456.57101712973,12.0,78.37242730322859,77.33994558329255,785.6236999147218,47.06387407076945,0,0,5,0,0,141,52.00836132195756,64.22985840837794,53.37292054807778,42.170284145582976,55.699388539211434,51.006889454866474,5.667298235192758,-0.190277503162396,-0.025566508486097206,0.9337330747418268,0.9582317139891785,1.0919973582881803,0.1017479434483033
2023-05-23,128906.0670617551,13.0,65.2650079420773,59.622637620257805,787.6489904276019,53.89469281728827,0,1,5,0,0,142,47.06387407076945,52.00836132195756,50.581581987257465,35.5945710295107,54.798096185310236,51.3564315923798,6.534306609353054,-0.09507100638259447,-0.06954523323082695,0.858859656576644,0.923053637049838,1.0670152595539972,0.11924331435267473
2023-05-24,136182.5354341292,15.0,62.301321706469416,63.0559113611425,789.3255247376433,55.04497072398113,0,2,5,0,0,143,53.89469281728827,47.06387407076945,59.15795122101855,55.95513728972762,55.271397732457494,52.663583148649614,6.293541959440894,0.14513932143043284,-0.0889695855772007,0.9750919106147234,1.070317626258956,1.0495183659730671,0.113866162565762
2023-05-25,136591.53117699368,15.0,63.64369382023509,70.36687087378701,790.2139484902987,57.063462416143935,0,3,5,0,0,144,55.04497072398113,53.89469281728827,49.68742974986727,55.14808577691725,54.68382909002357,52.5985712510963,6.05779573738362,0.02134306453127932,0.10782487645435457,1.0066041760419342,0.9086311360542996,1.0396447620026144,0.1107785580891005
2023-05-26,138787.29148710924,17.0,59.11532409180969,65.16828435398058,792.57122305937,59.16343450756269,0,4,5,0,0,145,57.063462416143935,55.04497072398113,60.85761653792342,51.90836783467767,55.73754804234881,52.73538386818392,5.673149010356024,0.0366698658499498,-0.06234477026248897,1.0237885307187842,1.0918603109646021,1.0569288389304043,0.10178325401120308
2023-05-27,92805.15715648766,13.0,63.63724392915455,65.93557334785113,796.0751695166878,47.92961396481344,0,5,5,1,0,146,59.16343450756269,57.063462416143935,64.22985840837794,43.15823443997324,55.49552203801157,53.25360291624713,5.450065423582135,0.0368006426967995,-0.07887957449014704,1.066093845680716,1.1573881288004426,1.042098919115207,0.0982073007593139
2023-05-28,92548.8935476629,12.0,68.1591637664994,69.77619944910433,798.1898908213145,48.62021274298814,0,6,5,1,0,147,47.92961396481344,59.16343450756269,52.00836132195756,40.266052077261165,53.16691568893093,53.594415739450014,4.494751738907697,-0.18987776210512697,-0.07842483888109153,0.9014932189265991,0.9782091108359221,0.9920234217572707,0.0845403890871834
2023-05-29,138071.7662624676,12.0,73.60709110644555,73.92098867829733,800.4701021151127,42.25599131919698,0,0,5,0,0,148,48.62021274298814,47.92961396481344,47.06387407076945,53.37292054807778,52.682894463363866,54.191141501287646,4.8115673606476435,0.014408602971050177,0.03306864772497131,0.9228842347832473,0.8933426029486301,0.9721680149902739,0.09133073286232685
2023-05-30,137279.93869293274,15.0,64.69414764265768,63.4537124167589,803.1242803192062,48.93285358488272,0,1,5,0,0,149,42.25599131919698,48.62021274298814,53.89469281728827,50.581581987257465,51.996054070282085,53.39707512779616,5.954714570864036,-0.13089661819114495,-0.21595264560739547,0.8126768862514135,1.0365150544777846,0.9737622134890164,0.1145224320833108
2023-05-31,137201.97140138352,17.0,61.49948739998796,67.69373202100303,804.2088159219687,50.554761602456765,0,2,5,0,0,150,48.93285358488272,42.25599131919698,55.04497072398113,59.15795122101855,51.28721989422415,53.279308813340826,5.986275979561451,0.15800983617327735,-0.11103861186060326,0.9540944836901449,1.0732687565734123,0.9626104586661254,0.11672061757115462
2023-06-01,137693.79283798792,15.0,59.5282862535161,64.72749372475984,807.6708276484724,44.29099854950262,0,3,6,0,0,151,50.554761602456765,48.93285358488272,57.063462416143935,49.68742974986727,50.6457614482921,52.664795269157835,5.752514260542706,0.03314558417813407,-0.11406074111349018,0.9982032090498186,1.1267174346742546,0.9616625525543788,0.11358333049086175
2023-06-02,133695.90111368604,15.0,68.56494472814649,72.31205002248119,809.9326906856106,47.06879173861387,0,4,6,0,0,152,44.29099854950262,50.554761602456765,59.16343450756269,60.85761653792342,48.82112375305763,52.27933589770321,5.39196205262139,-0.12390055564320479,-0.2513788471181295,0.9072097310486162,1.2118408991734306,0.9338512610142488,0.11044321879796337
2023-06-03,99226.294788644,15.0,58.26725206069514,58.98362743521822,813.338176204882,55.60355254763914,0,5,6,1,0,153,47.06879173861387,44.29099854950262,47.92961396481344,64.22985840837794,47.09331764320779,51.29441984060968,2.8766185801767135,0.06271687882598997,-0.0179601326818849,0.9994792062691412,1.0177582800163214,0.9180982607765867,0.06108337072301392
2023-06-04,99547.32989319472,13.0,60.78428389763963,52.86071251875549,814.8517498084627,42.6018273032281,0,6,6,1,0,154,55.60355254763914,47.06879173861387,48.62021274298814,52.00836132195756,48.18959458361146,50.6782551362712,4.339000488122269,0.18132525806953326,0.14363038355191327,1.1538497683595175,1.0089359157946336,0.9508929313772178,0.09004019489298415
2023-06-05,133882.59432789453,14.0,79.63042426283471,84.19010296903626,818.406199346509,58.6319072582895,0,0,6,0,0,155,42.6018273032281,55.60355254763914,42.25599131919698,47.06387407076945,47.32982523507432,50.006359849219095,4.8101427433307,-0.23382903876998917,0.008184306490852666,0.9001053160800079,0.8927983804994633,0.9464761157937679,0.1016302663160076
2023-06-06,144311.09804457903,15.0,68.21504996428403,67.17785269138521,821.1263237417368,57.85763923076552,0,1,6,0,0,156,58.6319072582895,42.6018273032281,48.93285358488272,53.89469281728827,49.66924179780181,50.83264793404196,5.809590027749117,0.3762768165075103,0.19821148702439872,1.1804469956874668,0.9851741603804454,0.9771130133187291,0.11696554683478638
2023-06-07,138851.33168364715,15.0,62.99061667173744,61.07861451717434,823.6687558104187,41.44074155317283,0,2,6,0,0,157,57.85763923076552,58.6319072582895,50.554761602456765,55.04497072398113,50.94421117578507,51.11571553500461,6.5528209480040855,-0.013205574638960993,0.1444547931159439,1.1357058612827546,0.9923553714084512,0.9966447821883254,0.12862739056638467
2023-06-08,132298.7860111894,16.0,61.51730454500802,67.6812381955764,825.9559753739013,64.26255018103248,0,3,6,0,0,158,41.44074155317283,57.85763923076552,44.29099854950262,57.063462416143935,49.64220831160166,50.14398487994687,7.482585982900146,-0.2837464144037022,-0.06435296312283745,0.8347884383597798,0.892204437632795,0.9899932849464088,0.15073032077727744
2023-06-09,139798.21443453533,16.0,69.13291108851713,68.34626567121805,827.8571524794417,66.0505510875878,0,4,6,0,0,159,64.26255018103248,41.44074155317283,47.06879173861387,59.16343450756269,52.49528711610592,50.65820543458177,8.794629969068527,0.5507094654321489,0.36528998955189573,1.2241584666238787,0.8966289037434911,1.036264247139518,0.16753180051415079
2023-06-10,94942.87331909072,14.0,59.49943441068526,67.89922944878133,830.9175778062207,43.778022289947145,0,5,6,1,0,160,66.0505510875878,64.26255018103248,55.60355254763914,47.92961396481344,55.206967023102195,51.15014233315499,9.72024495220834,0.027823373045706923,0.18788365241587845,1.1964169496931056,1.007183613698086,1.0793120899551751,0.17606917163445612
2023-06-11,102067.6984149698,13.0,56.2975920137152,63.12310335885565,833.1298657020991,53.30113952607603,0,6,6,1,0,161,43.778022289947145,66.0505510875878,42.6018273032281,48.62021274298814,53.51760555771762,50.853600070664534,10.62532253703189,-0.3372042841566254,0.027609026682053228,0.8180116026067994,0.7960338819210234,1.0523857796370615,0.19853882523897115
2023-06-12,142130.38231602963,13.0,74.38276125210781,77.92405561768864,833.6562099392295,45.97253805510061,0,0,6,0,0,162,53.30113952607603,43.778022289947145,58.6319072582895,42.25599131919698,55.04607873241019,51.18795198374225,9.50371773761135,0.21753191985366827,-0.09091922779741735,0.9683003903908096,1.0651423063813634,1.0753717740044242,0.17265022244019942
2023-06-13,134321.27072659315,15.0,62.477020139717,78.42890224428807,834.8624607698639,57.65255572622495,0,1,6,0,0,163,45.97253805510061,53.30113952607603,57.85763923076552,48.93285358488272,53.23759741766891,51.45341960773537,9.90370845157287,-0.13749427378358614,-0.2054197394446241,0.8635351759852875,1.0867815610995863,1.0346755924783142,0.18602846356635075
2023-06-14,141565.5045169773,16.0,72.34253617994436,78.9337488708875,836.8137841681097,49.582286304111534,0,2,6,0,0,164,57.65255572622495,45.97253805510061,41.44074155317283,50.554761602456765,53.208299774163116,52.0762554749741,9.888054313249713,0.2540651041960138,0.39120473151405033,1.083525614818083,0.7788397999760109,1.021738204655153,0.18583669005058406
2023-06-15,139471.12370774598,16.0,68.80190546585507,71.34777702885333,839.1617833546421,45.20442665391965,0,3,6,0,0,165,49.582286304111534,57.65255572622495,64.26255018103248,44.29099854950262,54.37137759572579,52.00679295366372,8.67798945299908,-0.13998112174656674,-0.22844197492264984,0.9119188899861398,1.1819187414902699,1.0454668420752042,0.15960584110124273
2023-06-16,141216.24063997797,16.0,62.99875033550553,63.55261457217341,841.2165125635222,56.6139644688067,0,4,6,0,0,166,45.20442665391965,49.582286304111534,66.0505510875878,47.06879173861387,51.64878852042396,52.072037818264945,8.022419223906924,-0.08829483221770795,-0.3156086374816872,0.8752272405391278,1.2788402783439696,0.9918718506981011,0.15532637751482872
2023-06-17,106973.0919306158,15.0,65.15313516851398,67.83945047152245,844.2916891953571,53.91952134385542,0,5,6,1,0,167,56.6139644688067,45.20442665391965,43.778022289947145,55.60355254763914,50.30070471774094,52.753835870421575,5.637318493880919,0.25239868436419455,0.29320516340015446,1.1255103638506099,0.870326221781675,0.953498525515638,0.1120723561531465
2023-06-18,98482.1275359885,14.0,60.02777949025786,54.141047427714696,844.8308077041263,48.81297925291417,0,6,6,1,0,168,53.91952134385542,56.6139644688067,53.30113952607603,42.6018273032281,51.7494902968707,52.63354792729416,4.941891489235049,-0.04759325990031782,0.011601662239826283,1.0419333801074355,1.0299838553057046,0.9832035333881602,0.09549642829107993
2023-06-19,135237.05534257003,12.0,75.06242357104163,77.09320291423666,847.0456780533304,40.56222520539211,0,0,6,0,0,169,48.81297925291417,53.91952134385542,45.97253805510061,58.6319072582895,51.108324543561864,53.07720163798602,4.99785914278163,-0.09470674003902646,0.06178560762534224,0.9550886218410217,0.8995117422782309,0.962905408844782,0.09778953208535991
2023-06-20,134801.9422814979,14.0,68.98135432654641,65.03822592032677,847.6912946730206,51.412444006468064,0,1,6,0,0,170,40.56222520539211,48.81297925291417,57.65255572622495,57.85763923076552,50.33542270788922,51.786510062779065,6.198573004180023,-0.16902787278712317,-0.29643665064892877,0.8058385729824152,1.1453674693624634,0.9719794333865955,0.12314534518071112
2023-06-21,135204.75886013824,15.0,61.92958945580544,57.780320135426685,850.3990645094079,59.10107327469971,0,2,6,0,0,171,51.412444006468064,40.56222520539211,49.582286304111534,41.44074155317283,49.44397817649537,51.32613897532925,5.363311625146756,0.2674956501063357,0.03691152302117162,1.0398120439044376,1.0027972694090765,0.9633293905131152,0.10847249398100337
2023-06-22,138267.59316234358,15.0,63.31428546351334,58.03963243972122,852.4234975378544,56.80964714815413,0,3,6,0,0,172,59.10107327469971,51.412444006468064,45.20442665391965,64.26255018103248,50.80380488657941,52.587591241152595,6.492137877951521,0.14954802123906719,0.3074178271781065,1.1633198223370107,0.8897842741274892,0.9660797098236878,0.12778841845498304
2023-06-23,140048.6078992666,16.0,68.70292370963662,75.52578084265893,854.8591855154738,61.06290005576943,0,4,6,0,0,173,56.80964714815413,59.10107327469971,56.6139644688067,66.0505510875878,52.4616935286129,52.05524102451843,6.302963149594058,-0.03877131157830438,0.0034564383749391414,1.0828786363362408,1.0791486256144043,1.0078080995514558,0.12014410373840462
2023-06-24,101037.00319732008,14.0,58.9297860382334,58.99751186212279,856.2680791470019,46.82621482058588,0,5,6,1,0,174,61.06290005576943,56.80964714815413,53.91952134385542,43.778022289947145,53.09725575532186,51.698980236531405,6.9794447145974186,0.07486849718540278,0.13248223526242509,1.1500198868497866,1.0154860279846223,1.0270464816209741,0.13144643005204423
2023-06-25,103316.7329961441,13.0,60.70595148488168,71.23339973748784,859.3916510923281,59.42341502595577,0,6,6,1,0,175,46.82621482058588,61.06290005576943,48.81297925291417,53.30113952607603,52.083926251997646,51.916708274434164,7.345495990465043,-0.23314787247544788,-0.04070156058359575,0.8990530897003928,0.9371985325519114,1.0032208894423653,0.1410319175041707
2023-06-26,139060.0075675116,12.0,68.72557496856699,67.30145265959212,862.325030823575,40.912049709387325,0,0,6,0,0,176,59.42341502595577,46.82621482058588,40.56222520539211,45.97253805510061,53.59970279100359,52.35401366728272,7.646609484541345,0.26902025401019314,0.4649939623641841,1.1086519501359933,0.7567621291400193,1.0237935744838476,0.14266141576114832
2023-06-27,144930.13630862927,15.0,68.83034000760557,61.52748221811972,864.8918662659846,61.55853595505232,0,1,6,0,0,177,40.912049709387325,59.42341502595577,51.412444006468064,57.65255572622495,53.64967772014575,51.99255021401749,7.547704464756061,-0.31151634937983286,-0.20423838041544395,0.7625777348150709,0.9582992142963499,1.0318724028597752,0.14068499169980764
2023-06-28,138165.37266704818,16.0,72.50261115244972,67.41946672221647,866.888252468494,68.93164990259967,0,2,6,0,0,178,61.55853595505232,40.912049709387325,59.10107327469971,49.582286304111534,55.099119427086364,52.27154880179087,8.006723332938092,0.504655386183881,0.041580677713421776,1.1172326635185852,1.0726319020925408,1.05409387496853,0.14531490550467926
2023-06-29,150212.6766663585,18.0,59.16738363862153,68.51296501093192,869.45213829673,68.80115743466314,0,3,6,0,0,179,68.93164990259967,61.55853595505232,56.80964714815413,45.20442665391965,56.503487516786365,53.65364620168288,9.540817818014824,0.11977403024872002,0.21337930022400098,1.2199538989893515,1.005418420080297,1.0531155199479079,0.1688536095259675
2023-06-30,141942.66939106002,16.0,65.01242759010547,66.23045118240105,870.9866242423401,58.13143479155681,0,4,6,0,0,180,68.80115743466314,68.93164990259967,61.06290005576943,56.6139644688067,58.21656041485908,55.339126971735986,10.62041939088477,-0.001893070427313459,0.12672600501820686,1.1818141941807758,1.048892267434334,1.0519963649696302,0.18242952375066862
2023-07-01,97045.92977433489,15.0,63.819243184078495,63.3139580648098,873.7710687695567,49.9908217231716,0,5,7,1,0,181,58.13143479155681,68.80115743466314,46.82621482058588,53.91952134385542,57.7977796628287,55.447517709075285,10.547020148064846,-0.1550805690040724,0.24142929370410893,1.0057728018390073,0.810173247030475,1.042387144652442,0.18248140689127398
2023-07-02,96268.75000775556,13.0,60.47933364120301,64.18355804222635,877.1906534850159,57.84456404326696,0,6,7,1,0,182,49.9908217231716,58.13143479155681,59.42341502595577,48.81297925291417,58.24986636319809,55.16689630759787,10.05468783299275,-0.14003805510005374,-0.15873529481037185,0.8582135006365524,1.0201468043796085,1.0558844209471254,0.17261306266867663
2023-07-03,141693.88966097275,14.0,70.23449385778514,73.69650876706584,880.1471419329993,43.74894012897862,0,0,7,0,0,183,57.84456404326696,49.9908217231716,40.912049709387325,40.56222520539211,58.02431622281397,55.81200950690879,10.041675059134679,0.15710368522418228,0.41387597185076874,0.9969021232605868,0.7050845640693918,1.0396385425905752,0.17305977412253412
2023-07-04,138978.1488586966,14.0,63.63063171796788,71.49149945388662,881.6634599571532,47.17737462075616,0,1,7,0,0,184,43.74894012897862,57.84456404326696,61.55853595505232,51.412444006468064,58.42958628275559,56.03963200145068,9.26299464358937,-0.24368104674010516,-0.28931155606230774,0.7487463614283764,1.0535507757517732,1.042647572725728,0.1585326070727831
2023-07-05,142836.00197636837,16.0,66.78558704262323,75.67096578356322,884.0525938109718,56.64550367361984,0,2,7,0,0,185,47.17737462075616,43.74894012897862,68.93164990259967,59.10107327469971,56.37513466357042,55.73712704532839,10.01744278453551,0.07836611542291072,-0.31559197135977846,0.8368472182336472,1.222731445591442,1.0114467259448656,0.17769257393914084
2023-07-06,141980.95049829417,16.0,64.1736922813525,64.54011059613657,885.1180805759648,69.66644902441475,0,3,7,0,0,186,56.64550367361984,47.17737462075616,68.80115743466314,56.80964714815413,54.61997091657331,55.561729216679836,8.395810320738024,0.2006921565469666,-0.1766780416824657,1.037084105374943,1.2596337251762768,0.9830502341560707,0.15371319647097226
2023-07-07,139904.68434937252,16.0,68.50073716338694,63.17035130029937,887.6759928249054,62.65582995598108,0,4,7,0,0,187,69.66644902441475,56.64550367361984,58.13143479155681,61.06290005576943,54.74358400082354,56.4800722078413,8.64215710608546,0.2298672358148497,0.19842989037203873,1.2725956894485884,1.0618858054796396,0.9692548515053654,0.15786611826429653
2023-07-08,97631.70512772637,14.0,64.33529964265236,64.40091390850552,890.1364755551955,44.22355466570666,0,5,7,1,0,188,62.65582995598108,69.66644902441475,49.9908217231716,46.82621482058588,55.38992616716986,56.593852914999275,9.095081751329802,-0.10063121009622256,0.25334667037367464,1.1311773510382073,0.9025255165045091,0.9787268990213894,0.1642010087516698
2023-07-09,95037.25110125654,13.0,70.89010077027065,73.01348314913096,890.7406224835697,46.99512158011531,0,6,7,1,0,189,44.22355466570666,62.65582995598108,57.84456404326696,59.42341502595577,54.5660308732463,56.40794861822219,9.891991473782184,-0.2941829244497126,-0.2354760486633104,0.8104594370888987,1.060083775886806,0.9673464859103053,0.18128479047267892
2023-07-10,138733.9401917319,13.0,72.29061090465419,68.01369409267029,891.9111954084398,47.71005712418081,0,0,7,0,0,190,46.99512158011531,44.22355466570666,43.74894012897862,40.912049709387325,53.01611052136748,55.52021337209074,10.139551995379216,0.06267173535369097,0.07420023071568016,0.8864309568913871,0.8252008625066177,0.9548974562842362,0.19125416586893143
2023-07-11,144053.5951772939,14.0,70.20156905655958,66.37550067077245,893.7846842910446,49.634781839520016,0,1,7,0,0,191,47.71005712418081,46.99512158011531,47.17737462075616,61.55853595505232,53.581984377824945,56.00578533029027,9.634100468511706,0.015212973602945157,0.011291058642129093,0.8904122846171735,0.8804708367665579,0.9567223111296248,0.1798011137582804
2023-07-12,141592.3749765208,16.0,65.63159891997286,69.22421854372773,895.6439964933321,67.5764278640753,0,2,7,0,0,192,49.634781839520016,47.71005712418081,56.64550367361984,68.93164990259967,53.93304255193407,55.15408860775225,9.4038470839604,0.04034211718358449,-0.123764842387036,0.9203037598282147,1.050293122607979,0.9778611869647221,0.17436151641000222
2023-07-13,135861.04488515205,15.0,64.02523039052647,65.97692255456893,896.7764149449971,46.05557878241408,0,3,7,0,0,193,67.5764278640753,49.634781839520016,69.66644902441475,68.80115743466314,55.49460315057056,55.05728703357193,10.741735247679637,0.361473252417317,-0.03000039745971539,1.2177117057801776,1.2553734069490048,1.0079429289120616,0.19356360146471643
2023-07-14,141644.7237034047,16.0,66.2171859897292,68.1377337688413,899.1875979284788,72.62204411093197,0,4,7,0,0,194,46.05557878241408,67.5764278640753,62.65582995598108,58.13143479155681,52.12162168742761,53.432602844125576,9.137142101364592,-0.3184668050958349,-0.26494344078164034,0.8836175332112366,1.2021082216460364,0.9754647708156314,0.17530425580692524
2023-07-15,103104.46951891534,13.0,61.09308229908071,60.08198916576422,901.4887768156312,56.69250072239754,0,5,7,1,0,195,72.62204411093197,46.05557878241408,44.22355466570666,49.9908217231716,53.545366566706306,54.467646366938084,11.518337727374332,0.5768349031944433,0.6421575483900899,1.3562713035209146,0.8259081504393733,0.9830673829006938,0.21511362169917908
2023-07-16,98105.53025519548,13.0,61.86856108643375,63.34284529811817,903.4333615100484,58.435123787028026,0,6,7,1,0,196,56.69250072239754,72.62204411093197,46.99512158011531,57.84456404326696,55.326644574805,54.94633772402566,10.776751527342517,-0.21934859564406717,0.2063486339906695,1.0246871314551855,0.8494121040826005,1.0069214230926449,0.1947841155046316
2023-07-17,141890.90042378212,13.0,75.92449799208231,71.11843267232433,904.9287283099216,49.15840742601452,0,0,7,0,0,197,58.435123787028026,56.69250072239754,47.71005712418081,43.74894012897862,56.960930604363966,54.98852056286572,10.152030771471072,0.03073815835296223,0.22479676842414542,1.0258807777018852,0.8375926554915797,1.035869487327692,0.17822796544502542
2023-07-18,141616.834873784,15.0,62.48940864049297,69.4425189680183,907.867694011055,56.252918257021385,0,1,7,0,0,198,49.15840742601452,58.435123787028026,49.634781839520016,47.17737462075616,57.16783779034021,55.37491108408258,9.944708864738383,-0.15875240368829058,-0.009597592572194946,0.8598962165807317,0.8682291259913092,1.032377960906072,0.17395635813986943
2023-07-19,136920.1188086775,16.0,68.59344321334171,75.05100124429214,911.2920197015256,47.95569125313159,0,2,7,0,0,199,56.252918257021385,49.15840742601452,67.5764278640753,56.64550367361984,58.11328584998326,56.02316420095867,9.409361012544174,0.1443193789726489,-0.16756596885870123,0.9679872241648093,1.1628395619982788,1.0373081684841503,0.16191411094588598
2023-07-20,226539.89225869236,15.0,82.26544542452508,63.4081389831465,913.0051705144484,81.56817293153917,1,3,7,0,0,200,47.95569125313159,56.252918257021385,46.05557878241408,69.66644902441475,55.3103234769913,55.40246331378093,9.035540315430087,-0.1474986056008597,0.04125694478174813,0.8670296653224386,0.8326759976656595,0.9983368999990527,0.16336082936106505
2023-07-21,143951.13810547293,17.0,63.30946826552186,56.608866348756436,914.6154369807244,66.18292589309115,0,4,7,0,0,201,81.56817293153917,47.95569125313159,72.62204411093197,62.65582995598108,60.38355121258059,56.25258645000411,12.339008697125273,0.7009070414809759,0.12318751048843746,1.3508343132118548,1.2026792504347037,1.073435996871859,0.2043438726166623
2023-07-22,106439.7249727011,14.0,52.86529998727095,49.80959371436637,917.108403113054,62.99128113467232,0,5,7,1,0,202,66.18292589309115,81.56817293153917,56.69250072239754,44.22355466570666,59.46367718146048,56.5045218740834,11.485031377089957,-0.18861826231367196,0.16740177359902964,1.1129975310999702,0.953397156206698,1.0523702388628535,0.1931436453558366
2023-07-23,106400.4882081396,12.0,62.471035129660365,61.7267084316938,918.9219796092566,39.1560874676002,0,6,7,1,0,203,62.99128113467232,66.18292589309115,58.435123787028026,46.99512158011531,60.36350295464259,57.84507376472379,11.47847579984175,-0.0482245944154005,0.07796949937591657,1.0435325660607246,0.9680538889689096,1.0435374877411712,0.19015589284913978
2023-07-24,136521.32252817164,13.0,74.68204251352992,74.32844416187214,920.910461848726,49.56351908023026,0,0,7,0,0,204,39.1560874676002,62.99128113467232,49.15840742601452,47.71005712418081,57.609354909010044,57.285142756687,14.044399508644258,-0.3783887744101223,-0.20347119612180753,0.6796827968208377,0.8533059865651472,1.0056596202212518,0.24378678655274663
2023-07-25,138388.6998403395,14.0,67.67048506464431,61.88816195322279,923.6021843701056,53.71768763466135,0,1,7,0,0,205,49.56351908023026,39.1560874676002,56.252918257021385,49.634781839520016,57.667228002469436,57.417532896404815,14.004549624491942,0.2657934509223301,-0.11891648262987975,0.8594746235783666,0.9754746362112726,1.0043487606218666,0.24285109774813932
2023-07-26,144308.14106883464,15.0,63.02227575331495,60.808521537025406,924.1746995000998,46.49240647569962,0,2,7,0,0,206,53.71768763466135,49.56351908023026,47.95569125313159,67.5764278640753,57.30505219927515,57.709169024629205,14.079801484059148,0.08381504444239707,0.12015250392524557,0.9373988081864242,0.8368492726674137,0.9929973549752279,0.24569913024592346
2023-07-27,144411.14380364885,16.0,63.32974753113104,60.64401116449734,927.329341359982,64.70334878297258,0,3,7,0,0,207,46.49240647569962,53.71768763466135,81.56817293153917,46.05557878241408,57.09601151678487,56.20316749688808,14.251559741403835,-0.13450469439603396,-0.4300178022288047,0.8142846626341308,1.4286142020193489,1.0158860089148218,0.2496069228445881
2023-07-28,144524.1907452242,16.0,68.73117073285962,71.02127323328243,929.4874857794456,54.19042615214618,0,4,7,0,0,208,64.70334878297258,46.49240647569962,66.18292589309115,72.62204411093197,54.686750924132504,57.53515106835655,10.303679521780898,0.39169713266598394,-0.022355873363903656,1.1831631554183244,1.2102186503072272,0.9504928710304436,0.18841272058885525
2023-07-29,118062.76596261888,15.0,64.29237526090823,66.78062189390783,931.2582912637956,54.21136102986128,0,5,7,1,0,209,54.19042615214618,64.70334878297258,62.99128113467232,56.69250072239754,52.973536675426075,56.21860692844327,8.986410555703763,-0.1624788025437255,-0.1397154467093682,1.0229716487342746,1.1891084697747467,0.9422776473784272,0.16963961856585788
2023-07-30,105013.16204277266,13.0,61.73131344517021,60.7763629894499,933.2869039404184,46.61287265147226,0,6,7,1,0,210,54.21136102986128,54.19042615214618,39.1560874676002,58.435123787028026,51.71926237473878,56.04138266469068,7.902510413217928,0.00038632059575105515,0.3844938178442523,1.048185115964448,0.7570890548262187,0.9228762731317284,0.15279627068072316
2023-07-31,147330.2625607224,14.0,68.08841365696242,70.35483528626693,935.3568474244348,49.26617777497335,0,0,7,0,0,211,46.61287265147226,54.21136102986128,49.56351908023026,49.15840742601452,52.78451740100622,55.19693615500814,6.2582811717451,-0.1401641322785373,-0.059532625679417195,0.8830785038224805,0.9389783504828527,0.9562943358445262,0.1185628187940163
2023-08-01,146712.0070539728,15.0,65.90253909931208,64.98863085651334,936.0718863816792,57.78455973693423,0,1,8,0,0,212,49.26617777497335,46.61287265147226,53.71768763466135,56.252918257021385,52.7420400716838,55.20463403707662,6.284740151414938,0.056922154172733386,-0.08286860540169017,0.9340969311769839,1.0184984798019097,0.9553915353602582,0.11915997452645172
2023-08-02,145609.56500522318,16.0,61.86956833198328,63.13737911395635,939.3678369636416,58.34319406017068,0,2,8,0,0,213,57.78455973693423,49.26617777497335,46.49240647569962,47.95569125313159,53.32302180057992,55.31403699992753,6.571403840973369,0.17290527389539267,0.24288166858251836,1.0836700131706674,0.8719011958769745,0.9640052451902902,0.12323764893800337
2023-08-03,141850.92302143862,17.0,69.89627480021716,79.28428029166642,941.500897469458,59.12822075404084,0,3,8,0,0,214,58.34319406017068,57.78455973693423,64.70334878297258,81.56817293153917,55.01599145550436,56.056001486144616,6.021930624516889,0.009667536203090465,-0.0982971491032879,1.0604770088958095,1.176082572924331,0.9814469458565054,0.10945782244762933
2023-08-04,146255.87688197306,16.0,64.38337592420716,73.20900599831747,943.955299173816,54.29042922475925,0,4,8,0,0,215,59.12822075404084,58.34319406017068,54.19042615214618,66.18292589309115,54.2195445942284,54.45314775918045,4.764576498717767,0.013455325964165432,0.09111931668577777,1.090533334363988,0.9994629530310493,0.9957100154065444,0.08787562740290794
2023-08-05,100104.85914184972,14.0,64.95052537652366,60.46251411658094,946.8165389902751,54.74563990436937,0,5,8,1,0,216,54.29042922475925,59.12822075404084,54.21136102986128,62.99128113467232,54.23383074745884,53.60368371144246,4.76462456304725,-0.08181865558589418,0.0014585170598173658,1.0010436009501886,0.9995856881712415,1.0117556666330727,0.08785336564613776
2023-08-06,102326.64557303996,13.0,68.19191107454682,73.70219094903332,948.099609024227,63.27533299611573,0,6,8,1,0,217,54.74563990436937,54.29042922475925,46.61287265147226,39.1560874676002,54.310156300959996,53.014709337849396,4.768482427265284,0.008384731638896747,0.17447470602608828,1.0080184560875896,0.8582717455859784,1.02443561380022,0.08780093360145597
2023-08-07,141602.5458086836,13.0,74.58505531582564,78.72502702511846,950.5783865434552,53.99525792395488,0,0,8,0,0,218,63.27533299611573,54.74563990436937,49.26617777497335,49.56351908023026,56.69050777876621,54.73751258988621,4.4327240203637395,0.15580588895565328,0.2843564460212473,1.1161539290324702,0.8690375109574572,1.0356792827528092,0.07819164431658247
2023-08-08,143979.4965575453,15.0,65.23146979067187,61.443859388774406,952.464273670736,65.62569208124654,0,1,8,0,0,219,53.99525792395488,63.27533299611573,57.78455973693423,53.71768763466135,57.366090657192146,55.054065364437974,3.3377403443932785,-0.14666181326506056,-0.06557637248133841,0.9412399782760053,1.007294711474114,1.0419955416089512,0.0581831584853659
2023-08-09,153018.63426669405,16.0,68.47466178482044,73.87361764663066,955.2416902909092,49.49191822853064,0,2,8,0,0,220,65.62569208124654,53.99525792395488,58.34319406017068,46.49240647569962,58.48625242066533,55.90463711062262,4.584496088605819,0.21539732569981562,0.12482172322559593,1.1220703903069464,0.9975539831229792,1.0461789118661888,0.07838587529307912
2023-08-10,136398.93922963302,16.0,63.8456625956014,73.76618966854389,955.639908354628,60.679472401955614,0,3,8,0,0,221,49.49191822853064,65.62569208124654,59.12822075404084,64.70334878297258,57.221784444716754,56.11888795011056,5.7124287500815925,-0.24584538983210735,-0.16297298316475473,0.8649139258553863,1.033316617575356,1.0196528572623653,0.09982961568771938
2023-08-11,146721.04076149806,16.0,62.13950173074722,59.0988773533757,957.6606329144352,51.383174868293736,0,4,8,0,0,222,60.679472401955614,49.49191822853064,54.29042922475925,54.19042615214618,57.44339182299029,55.831468208609344,5.827640905574354,0.2260481018691991,0.11768267940461641,1.0563351236106877,0.9451118310014356,1.0288712381404361,0.10145015328363645
2023-08-12,97289.61651524136,15.0,59.5134246916174,58.023225648222606,959.278376389808,42.48489972407436,0,5,8,1,0,223,51.383174868293736,60.679472401955614,54.74563990436937,54.21136102986128,57.02806977206665,55.63095025976274,6.182583072581191,-0.15320333492817695,-0.06141977775671714,0.9010155012025695,0.9599770801147604,1.0251140688012736,0.10841298148950376
2023-08-13,101930.51253684226,13.0,57.30490712743715,65.93223303616723,961.7241867503152,44.113347519488926,0,6,8,1,0,224,42.48489972407436,51.383174868293736,63.27533299611573,46.61287265147226,55.27653546059593,54.79334588077796,8.30828103490984,-0.1731748800463886,-0.3285709025556235,0.7685883235999815,1.1447051170785074,1.0088183988776542,0.15030393937826342
2023-08-14,148655.80238786945,14.0,74.57234348940297,76.01535134565061,963.7291540673336,65.23363261751201,0,0,8,0,0,225,44.113347519488926,42.48489972407436,53.99525792395488,49.26617777497335,52.53910896393496,54.614808371350584,8.389941187240678,0.03833003740130736,-0.18301441245791084,0.839628771583663,1.0277155244680585,0.9619938352012147,0.15968944568511592
2023-08-15,144665.12007638186,15.0,65.22785433381934,69.93966484325308,965.7341213843522,65.31641143458467,0,1,8,0,0,226,65.23363261751201,44.113347519488926,65.62569208124654,57.78455973693423,54.144591063014545,55.75534086010334,9.689635617128483,0.4787731216428841,-0.005974176443718782,1.2048042350452297,1.2120452069694287,0.9711103945874826,0.17895851509620772
2023-08-16,140205.02088828277,17.0,63.96749603550664,67.87694291040779,967.2643822930114,63.948368640149525,0,2,8,0,0,227,65.31641143458467,65.23363261751201,49.49191822853064,58.34319406017068,54.100408113491426,56.293330267078375,9.629074507699158,0.001268959181807583,0.31973893460713887,1.2073182756323093,0.9148159866873254,0.9610447251355918,0.1779852471260357
2023-08-17,141762.78516296012,16.0,66.01712572367644,69.76718018358189,969.2758499981657,47.55242753761228,0,3,8,0,0,228,63.948368640149525,65.31641143458467,60.679472401955614,59.12822075404084,56.16561531515127,56.693699879934,10.018341822737314,-0.0209448554258872,0.05387153363068076,1.1385679348713336,1.0803669124156587,0.9906853042595366,0.178371442501312
2023-08-18,147450.3909957387,16.0,64.84671393932979,60.24501050990842,970.6585362163132,58.6543544850222,0,4,8,0,0,229,47.55242753761228,63.948368640149525,51.383174868293736,54.29042922475925,54.29032319167364,55.866857507331964,10.258314443380874,-0.2563934225562584,-0.0745525620108235,0.8758914064616449,0.9464518140163555,0.9717805084087392,0.18895290800100012
2023-08-19,101363.33347313144,15.0,61.32550375065778,69.29699153363347,973.432123172675,57.01805804237841,0,5,8,1,0,230,58.6543544850222,47.55242753761228,42.48489972407436,54.74563990436937,55.32906313692057,56.178566454493605,10.282983389674198,0.2334670914251158,0.38059298400050845,1.0601002648440419,0.76785864996374,0.984878515576556,0.18585139177627716
2023-08-20,105228.3943583279,14.0,59.21010167079568,68.21603129877542,975.236757412317,53.984415744444505,0,6,8,1,0,231,57.01805804237841,58.6543544850222,44.113347519488926,63.27533299611573,57.405228610964,56.34088203577996,8.584340518636115,-0.027897271345158847,0.292535281236326,0.9932554825064899,0.7684552189217061,1.018891194754603,0.14953934905150024
2023-08-21,145238.28735961526,13.0,74.86246645935819,73.74301944714641,975.0111668368596,38.40631658328793,0,0,8,0,0,232,53.984415744444505,57.01805804237841,65.23363261751201,53.99525792395488,58.81538121452909,55.677245089232024,6.623865412277895,-0.05320493896300649,-0.1724450474654028,0.9178622093349418,1.1091253898291054,1.0563629921032853,0.11262131224003033
2023-08-22,142557.59860957673,15.0,61.30780375201857,63.82885825254556,976.8113091915624,50.45049298611075,0,1,8,0,0,233,38.40631658328793,53.984415744444505,65.31641143458467,65.62569208124654,54.98290749535422,54.56374927918438,9.449643224243577,-0.28856659734730394,-0.4119959174157567,0.6985137442310244,1.1879402965385848,1.0076819907302401,0.17186510598847513
2023-08-23,153847.7763573013,16.0,67.51080111486401,61.35310337911261,978.0804741348873,60.17827948137271,0,2,8,0,0,234,50.45049298611075,38.40631658328793,63.948368640149525,49.49191822853064,52.85920485985794,53.47980648667469,8.346308863068048,0.3135988419171576,-0.21107458940812174,0.9544315530259443,1.209786806473755,0.9883955895208525,0.1578969809552765
2023-08-24,147915.67608927205,18.0,70.83483287068438,74.23914007663669,978.8754534825184,69.16272713556837,0,3,8,0,0,235,60.17827948137271,50.45049298611075,47.55242753761228,60.679472401955614,52.3206206943184,54.243118004734825,7.599715120449705,0.1928184626053122,0.2655143511605971,1.1501828281618147,0.9088658908585175,0.9645577654616275,0.14525277069725157
2023-08-25,137387.42965336956,16.0,60.11463190515363,65.95199273269363,979.9855121719404,41.93819459224153,0,4,8,0,0,236,69.16272713556837,60.17827948137271,58.6543544850222,51.383174868293736,55.40780635116926,54.84906477142146,9.493330078811681,0.149297183828206,0.17915758757910383,1.2482487882162627,1.0585936955034212,1.010186893469858,0.1713356060090862
2023-08-26,119823.58189714799,16.0,55.82085141523128,59.345726047188464,982.1730389494068,55.921403008675945,0,5,8,1,0,237,41.93819459224153,69.16272713556837,57.01805804237841,42.48489972407436,53.01978350934346,54.17442332313202,10.580734776083,-0.3936301194422691,-0.2644752200948134,0.7909914340719806,1.075410993187672,0.9786866247398422,0.19956201394557563
2023-08-27,102259.73414092643,13.0,64.14782272077306,71.94002497597097,985.3359516120054,51.21451524674752,0,6,8,1,0,238,55.921403008675945,41.93819459224153,53.984415744444505,44.113347519488926,52.86311850452882,55.134173557746415,10.519609303756871,0.3334241865295098,0.03588048953610801,1.0578528961337217,1.0212113335655675,0.9588085772095788,0.19899713829511684
2023-08-28,149221.7333391849,13.0,72.95618800276395,71.69456424731146,987.6864991910973,60.250087024597526,0,0,8,0,0,239,51.21451524674752,55.921403008675945,38.40631658328793,65.23363261751201,52.46741843342925,55.641399823979164,10.522496652407613,-0.08416970084241582,0.3334919826451914,0.9761203576602225,0.73200316939584,0.9429564784388825,0.2005529710930713
2023-08-29,142749.9170462692,15.0,68.13025154581197,72.32723086611757,989.3012964805248,63.13931902853261,0,1,8,0,0,240,60.250087024597526,51.21451524674752,50.45049298611075,65.31641143458467,55.587957067902046,55.28543228162813,8.74670061961292,0.17642599435564965,0.1942417894942008,1.0838694242891598,0.907579548650875,1.00547205247004,0.15734884102555904
2023-08-30,145569.05423413237,16.0,67.50884663416986,63.908755613875314,991.7660198366611,64.76589640386942,0,2,8,0,0,241,63.13931902853261,60.250087024597526,60.17827948137271,63.948368640149525,57.40064650253374,55.12992568119585,8.819082149318845,0.047953988892257327,0.04920445670229645,1.0999757472373688,1.0483902734216828,1.0411885340544256,0.15364081568192023
2023-08-31,148155.94911592183,17.0,67.01529265605788,68.49447337047512,993.498747588486,56.19738665588208,0,3,8,0,0,242,64.76589640386942,63.13931902853261,69.16272713556837,47.55242753761228,58.0560203486047,55.188320521461556,9.221192228916676,0.025761718693889657,-0.06357225797474075,1.1155758871340893,1.191310164221937,1.0519620782087027,0.15883266151463474
2023-09-01,149707.0207766805,16.0,70.71724503955913,70.70202474213312,995.0430672931556,45.14175475052596,0,4,9,0,0,243,56.19738665588208,64.76589640386942,41.93819459224153,58.6543544850222,56.203828851506664,55.80581760133797,7.813061786675822,-0.1322997167298594,0.3400049096600468,0.999885377993702,0.74618038395648,1.0071320745269243,0.13901298090061306
2023-09-02,100572.2543717769,15.0,60.46988575162824,64.5024482115073,996.2195771585692,51.42054860076497,0,5,9,1,0,244,45.14175475052596,56.19738665588208,55.921403008675945,57.01805804237841,56.66148030269016,54.8406319060168,6.8757866887549675,-0.19672857695419088,-0.19276426695656346,0.7966921179851832,0.986938617027641,1.0332025422280662,0.12134851846481887
2023-09-03,104113.1950566362,12.0,63.40196678585556,63.873938784517655,996.9181141131678,55.921508533233045,0,6,9,1,0,245,51.42054860076497,45.14175475052596,51.21451524674752,53.984415744444505,56.01850110156001,54.44080980304442,7.161056142626447,0.1390906021473577,0.004022948436098517,0.9179208224001016,0.9142428704741136,1.028979938105685,0.1278337692335546
2023-09-04,144668.21875535618,13.0,73.94441446222783,73.49816859142392,998.70617514792,64.28142270486117,0,0,9,0,0,246,55.921508533233045,51.42054860076497,60.250087024597526,38.40631658328793,56.690928713915085,54.57917357367217,6.8489703079508795,0.08753232034558889,-0.0718435226425036,0.9864278077968198,1.062781795807992,1.0386915924513298,0.12081245559608841
2023-09-05,144062.68306970515,13.0,78.72282747719093,82.10849783896029,1000.9326179398564,58.77628767315495,0,1,9,0,0,247,64.28142270486117,55.921508533233045,63.13931902853261,50.45049298611075,57.266833811095616,56.42739543949883,7.349338859772074,0.1494937170133741,0.018088628352365355,1.1224895533233838,1.1025460083371885,1.0148764330704725,0.12833499550569039
2023-09-06,153845.8169611244,16.0,66.4744038734642,65.99570191258029,1002.9553190038444,64.14455781485111,0,2,9,0,0,248,58.77628767315495,64.28142270486117,64.76589640386942,60.17827948137271,56.643543617470236,57.02209506000198,6.942017282809067,-0.08564115105202719,-0.09248090528021513,1.0376520238579656,1.1433941499361642,0.9933613199912523,0.12255619686668016
2023-09-07,148511.92684384383,17.0,60.63709959219474,55.47679417006239,1004.7225454614866,65.66826320469829,0,3,9,0,0,249,64.14455781485111,58.77628767315495,56.19738665588208,69.16272713556837,56.554780961896185,57.305400655250445,6.823819449403314,0.09133394357173774,0.14141531540661445,1.1342022146291848,0.9936805642257742,0.986901414443117,0.12065857799008833
2023-09-08,141956.4641826598,17.0,67.88053086302178,78.05234421144452,1006.0659486129292,57.71123267433517,0,4,9,0,0,250,65.66826320469829,64.14455781485111,45.14175475052596,41.93819459224153,57.90776332601279,57.05579608875973,7.63217935482119,0.023754242631857325,0.4547122407538482,1.1340148441754683,0.7795458183453582,1.014932176845411,0.13179889735773534
2023-09-09,109589.2077882191,15.0,60.03737260991985,69.93716848138831,1008.652545566277,54.183240897256965,0,5,9,1,0,251,57.71123267433517,65.66826320469829,51.42054860076497,55.921403008675945,59.7034030294141,58.18244166605213,5.228103001433356,-0.12117010778189463,0.12233794163519729,0.9666322143463507,0.8612666278910699,1.0261412432996846,0.08756792303543609
2023-09-10,114484.14478805051,13.0,56.04247461803639,53.37266621890102,1009.6988400303198,64.32151707537352,0,6,9,1,0,252,54.183240897256965,57.71123267433517,55.921508533233045,51.21451524674752,60.09807335748439,58.0582872295222,4.5602362103600464,-0.061131804218888974,-0.031084061957002862,0.9015803314518266,0.9305041810673751,1.0351334189363577,0.07587990688543648
2023-09-11,151453.86104220455,14.0,73.7726271518667,77.46664074771934,1012.4196623613948,48.39640235651412,0,0,9,0,0,253,64.32151707537352,54.183240897256965,64.28142270486117,60.250087024597526,61.29807457779017,58.99450164585263,4.379655396861125,0.18711092231158521,0.0006237318470132536,1.049323612828107,1.0486695242488406,1.0390472479243238,0.07144849861969374
2023-09-12,141354.52013618394,15.0,64.32515174898923,63.94524754643468,1013.7178887462532,70.43293949018951,0,1,9,0,0,254,48.39640235651412,64.32151707537352,58.77628767315495,63.13931902853261,59.02878595659773,58.14780988384667,6.279508639290769,-0.2475861180357105,-0.17659987943372024,0.8198779895642558,0.9957224550810102,1.0151506320618242,0.1063804470569312
2023-09-13,145603.063708535,16.0,65.19593475198452,68.47418387824291,1015.2159405563708,57.54952757217127,0,2,9,0,0,255,70.43293949018951,48.39640235651412,64.14455781485111,64.76589640386942,60.69402193045981,58.66878277396501,7.60672135898733,0.45533419966513855,0.09803453152626584,1.1604592552935125,1.0568513302404765,1.034519876853377,0.12532900468686575
2023-09-14,152715.64459674648,17.0,66.55762192762765,69.71721818716959,1016.1425124038782,73.54602587656935,0,3,9,0,0,256,57.54952757217127,70.43293949018951,65.66826320469829,56.19738665588208,59.75187475293412,58.15332785741515,7.5159986778276755,-0.1829174248763641,-0.12363256215897844,0.963141789443942,1.0990159468004583,1.0274884852581165,0.12578682608546274
2023-09-15,144925.32213752487,17.0,64.704683159331,65.5917075258832,1017.8413906863698,51.128448184114376,0,4,9,0,0,257,73.54602587656935,57.54952757217127,57.71123267433517,45.14175475052596,60.87726942034427,59.39251637317853,8.99398667219859,0.2779605494473836,0.2743797432224331,1.2081032309243385,0.9479931216338187,1.0249989920924827,0.14773965320450025
2023-09-16,108237.35771258493,15.0,63.103591354804536,61.564044755911645,1020.7216406531522,59.822876622457386,0,5,9,1,0,258,51.128448184114376,73.54602587656935,54.183240897256965,51.42054860076497,59.93687163602702,59.820137332720556,9.696872936053161,-0.30481018417062933,-0.05637892201640593,0.8530383182925741,0.9040051543946173,1.0019514215197667,0.16178476906399863
2023-09-17,109638.37621371736,14.0,60.25245090930152,59.74925546585992,1023.2341431239072,47.040281509535,0,6,9,1,0,259,59.822876622457386,51.128448184114376,64.32151707537352,55.921508533233045,60.74253388248422,60.4203036199843,9.367863105899112,0.17005070067908634,-0.06993989970175174,0.9848597481658231,1.058920544865866,1.0053331453699172,0.15422246171064719
2023-09-18,144372.27811368767,14.0,71.01473750679318,67.23083042802833,1026.1168808135296,44.11535609741571,0,0,9,0,0,260,47.040281509535,59.822876622457386,48.39640235651412,64.28142270486117,58.27378594450729,59.78593026114873,10.478714454815435,-0.2136740296457731,-0.02802110861442142,0.8072288550864074,0.8305003969126159,0.9747073548904183,0.17981866606014
2023-09-19,147949.8985757528,14.0,68.6418288804294,65.75435206319129,1028.6345948502767,57.44528489279365,0,1,9,0,0,261,44.11535609741571,47.040281509535,70.43293949018951,58.77628767315495,57.66220790749323,58.34549693204548,11.247970002601205,-0.06217916471283036,-0.3736544801802505,0.7650653295862245,1.2214748974438199,0.9882889158464437,0.19506658539066324
2023-09-20,135330.93063972372,16.0,66.71021674083771,68.0322819424234,1029.8516589874523,67.4731542533849,0,2,9,0,0,262,57.44528489279365,44.11535609741571,57.54952757217127,64.14455781485111,55.806828679293815,58.25042530487682,9.763532667964794,0.3021607434368825,-0.00181135595330284,1.0293594216384447,1.031227341422539,0.9580501496290633,0.17495229345629146
2023-09-21,144306.44943466285,16.0,67.7919398891377,65.6547519657564,1031.6870276079906,53.28549290504722,0,3,9,0,0,263,67.4731542533849,57.44528489279365,73.54602587656935,65.66826320469829,57.22448963375291,58.48818219334351,10.731241275262331,0.1745638372114544,-0.08257239668362781,1.1790957802371904,1.2852194287319507,0.9783940530855749,0.18752882452852296
2023-09-22,147501.72739442735,15.0,63.875679901026174,69.51080424938404,1033.1628683046963,45.9800882210985,0,4,9,0,0,264,53.28549290504722,67.4731542533849,51.128448184114376,57.71123267433517,54.33012778067832,57.603698600511294,7.973279041009586,-0.21027120349314243,0.04218873831580594,0.9807724568613548,0.9410699049063792,0.9431708223713968,0.14675612531589077
2023-09-23,130557.76630507693,15.0,63.444721607932415,73.19200806302557,1036.327328227928,53.96485874722256,0,5,9,1,0,265,45.9800882210985,53.28549290504722,59.822876622457386,54.183240897256965,53.59464778596176,56.765759710994395,8.535464883296374,-0.13709931701235611,-0.2313962347334253,0.8579231345026626,1.1162099032979746,0.9441368891885287,0.15925965065362552
2023-09-24,113613.80521572652,15.0,59.12858758708915,59.40260386282111,1037.4698973107866,54.83610493325314,0,6,9,1,0,266,53.96485874722256,45.9800882210985,47.040281509535,64.32151707537352,52.75778808949965,56.75016098599193,8.099062160718132,0.17365713801436677,0.1472052678146485,1.0228794781099466,0.8916272499850576,0.9296500163677465,0.15351405837899568
2023-09-25,143115.43448815748,14.0,71.94241192172274,73.75095204005508,1040.284855462298,59.74442002610442,0,0,9,0,0,267,54.83610493325314,53.96485874722256,44.11535609741571,48.39640235651412,53.871477150030806,56.07263154726905,7.7083963252776035,0.0161446950155395,0.24301625973875907,1.0179060949180188,0.8189000642131173,0.9607445854332219,0.14308863860944263
2023-09-26,147183.82205321206,15.0,69.02706106663906,72.72007440482592,1043.099218558385,65.55370115964193,0,1,9,0,0,268,59.74442002610442,54.83610493325314,57.44528489279365,70.43293949018951,56.10420056841491,56.883204237954075,6.59457386084267,0.08950882085490419,0.040023043450850615,1.0648831891517736,1.0239034566180725,0.9863052076623455,0.11754153510842875
2023-09-27,149574.96230914438,17.0,72.06357246765482,75.01086932872022,1046.662914719758,62.26451740403026,0,2,9,0,0,269,65.55370115964193,59.74442002610442,67.4731542533849,57.54952757217127,57.26254574939325,56.53468721434353,7.5170099971896045,0.09723554318544281,-0.02844765618240952,1.1447919456206945,1.1783121649651744,1.0128745478380405,0.13127271759951845
2023-09-28,146549.7568522133,18.0,63.27892442041485,66.00291587591231,1048.4351654456543,80.27443351911347,0,3,9,0,0,270,62.26451740403026,65.55370115964193,53.28549290504722,73.54602587656935,56.518454770914005,56.87147220233346,6.530953612213627,-0.05017540882400484,0.16850786226156012,1.1016670157810708,0.9427981200305116,0.9937927150863352,0.11555435545231219
2023-09-29,143524.55139528224,17.0,62.31400005852658,68.56461213861989,1051.1050231733184,64.10149284117553,0,4,9,0,0,271,80.27443351911347,62.26451740403026,45.9800882210985,51.128448184114376,60.37401771578061,57.35207274822947,10.845560190044516,0.2892484655139633,0.745852098697771,1.329618875076642,0.7615873509951978,1.0526911203509106,0.17963953038708727
2023-09-30,112203.37500861984,15.0,60.930681533934056,66.15578999055053,1055.0303446425496,52.67608755012473,0,5,9,1,0,272,64.10149284117553,80.27443351911347,53.96485874722256,59.822876622457386,62.962789804363034,58.27871879516241,8.808648525184992,-0.20147062980004882,0.1878376841758096,1.018085333263514,0.8570912901874471,1.080373609887756,0.1399024495667216
2023-10-01,107669.41224407834,13.0,62.048178961358765,58.45023105745052,1056.636231301003,37.62174658608178,0,6,10,1,0,273,52.67608755012473,64.10149284117553,54.83610493325314,47.040281509535,62.778679633349064,57.768233861424356,9.038528061528837,-0.17823930121814113,-0.039390423257771534,0.8390760662341539,0.8734829284960511,1.0867335806724483,0.1439744848779429
2023-10-02,145665.9653958082,14.0,72.4216066601133,77.283065650037,1057.5081991029767,53.45342963194779,0,0,10,0,0,274,37.62174658608178,52.67608755012473,59.74442002610442,44.11535609741571,60.319485583753156,57.09548136689199,13.023205423252357,-0.2857907954860498,-0.3702885295456292,0.6237080144498955,0.990466338496036,1.0564668891421358,0.2159037879255408
2023-10-03,151548.41389705308,15.0,61.90987221757872,68.96435196039668,1058.1041910758504,55.59160345045689,0,1,10,0,0,275,53.45342963194779,37.62174658608178,65.55370115964193,57.44528489279365,59.42077267030221,57.76248661935857,13.28395966701622,0.42081201651926947,-0.1845856345811281,0.899574799010703,1.1032118603264962,1.0287087026199437,0.22355750472520164
2023-10-04,150604.2387822939,17.0,60.66615181009828,59.71649092718572,1060.7743606989395,70.50720390577945,0,2,10,0,0,276,55.59160345045689,53.45342963194779,62.26451740403026,67.4731542533849,57.99761585470435,57.630080802048795,13.048969336157429,0.040000685329855123,-0.10717041152464546,0.9585153222457453,1.0735702922688297,1.0063774863324935,0.2249914784229702
2023-10-05,147515.1324913648,17.0,60.09932767357273,63.2691513160962,1061.367840532493,66.30267387632135,0,3,10,0,0,277,70.50720390577945,55.59160345045689,80.27443351911347,53.28549290504722,59.17514249781137,57.84679863436269,13.845763285961235,0.26830671413562146,-0.12167298086268563,1.1915003653499812,1.3565566575878119,1.0229631352954354,0.23397938224607281
2023-10-06,150303.20833996008,17.0,68.63237950427929,73.32254856747879,1063.1699852901424,53.36997501613863,0,4,10,0,0,278,66.30267387632135,70.50720390577945,64.10149284117553,45.9800882210985,57.179176834555356,58.77659727516799,11.014879597412767,-0.05963263037741107,0.034338998010540855,1.1595597828937676,1.1210635827558255,0.9728221687769001,0.19263795331093492
2023-10-07,106553.78561255297,15.0,66.7930145390415,67.38784253333638,1065.6198358397735,56.42688286286927,0,5,10,1,0,279,53.36997501613863,66.30267387632135,52.67608755012473,53.96485874722256,55.64610285955009,59.30444633195656,10.630967219880576,-0.19505546464546686,0.013172722164561446,0.9590963656672171,0.9466267149575301,0.9383124925923952,0.19104603329927658
2023-10-08,108626.869381005,14.0,61.37368259180908,69.46383631227732,1067.8679762692375,58.268082751071205,0,6,10,1,0,280,56.42688286286927,53.36997501613863,37.62174658608178,54.83610493325314,56.18193076137074,59.480305197359904,10.550542086182324,0.057277670559265914,0.49984750797679567,1.004359980124908,0.669641396730878,0.944546780231794,0.18779244399761014
2023-10-09,152996.52269808418,14.0,70.01712467849185,82.83306221589028,1070.3083321605848,68.31657023068783,0,0,10,0,0,281,58.268082751071205,56.42688286286927,53.45342963194779,59.74442002610442,59.13140735636922,59.72544647006119,6.669074624541264,0.0326298351917913,0.09007192152635635,0.9853998975519898,0.9039769561004735,0.990053835529053,0.11278396579246845
2023-10-10,156800.06726458142,17.0,66.184684663607,64.01781756771068,1073.0087944282304,70.37995264146367,0,1,10,0,0,282,68.31657023068783,58.268082751071205,55.59160345045689,65.55370115964193,61.25471315618923,60.33774291324573,6.921321302541504,0.1724526877354977,0.2289008769385723,1.1152867544492788,0.9075481801491362,1.015197291092939,0.11299246941036678
2023-10-11,145612.7380046926,17.0,68.70376359581184,63.05778786088059,1075.7092566958763,68.5636008009632,0,2,10,0,0,283,70.37995264146367,68.31657023068783,70.50720390577945,62.26451740403026,63.367334469190205,60.68247516194727,7.157573307082007,0.030203249428481627,-0.001804798052775225,1.1106661378613467,1.1126742902537696,1.0442443934608414,0.11295367506048541
2023-10-12,159204.13349862507,18.0,61.13102967365595,65.42391671694914,1077.047403591285,66.24112191157565,0,3,10,0,0,284,68.5636008009632,70.37995264146367,66.30267387632135,80.27443351911347,63.089676882787884,61.13240969029963,6.866208632980388,-0.02580780140267369,0.034100086655016515,1.086764177415984,1.0509274599631058,1.0320168500211897,0.10883252177272802
2023-10-13,142971.64880191,17.0,64.57339976945929,70.26653234119814,1078.6058074805185,65.39538587619352,0,4,10,0,0,285,66.24112191157565,68.5636008009632,53.36997501613863,64.10149284117553,63.08088374496707,60.130030289761216,6.861445921521612,-0.033873350615432174,0.2411683140482057,1.0500981910682365,0.846056235228264,1.0490745379802064,0.10877219078385304
2023-10-14,108032.21961985769,15.0,64.12816564581983,65.14820064743203,1080.0876799243017,65.16242623955432,0,5,10,1,0,286,65.39538587619352,66.24112191157565,56.42688286286927,52.67608755012473,64.79879958211777,60.22245122083393,5.36769920938936,-0.012767537912644289,0.15894025255869337,1.0092067491670076,0.8708013609320187,1.0759907354900335,0.0828363988840105
2023-10-15,111070.3888259383,13.0,66.00002169860132,75.06632067548624,1082.8518333737916,40.11703522121694,0,6,10,1,0,287,65.16242623955432,65.39538587619352,58.268082751071205,37.62174658608178,66.04673435021563,61.11433255579318,3.91609957544595,-0.003562325285154433,0.11832109729672502,0.9866108730528261,0.8822250384417526,1.0807077748892946,0.059292857004566865
2023-10-16,152227.96747094012,14.0,71.29655928292254,65.3442184277218,1085.6721522445075,53.25324769022616,0,0,10,0,0,288,40.11703522121694,65.16242623955432,68.31657023068783,53.45342963194779,63.45372756023644,61.292567458302834,10.462561047517847,-0.3843532609768687,-0.4127773820355468,0.6322250364745546,1.0766360442077278,1.035259741785231,0.16488489250037783
2023-10-17,148721.20192071763,16.0,70.1095868065273,74.5522625603799,1088.1331324999626,54.22561194982505,0,1,10,0,0,289,53.25324769022616,40.11703522121694,70.37995264146367,55.59160345045689,61.301824340170505,61.27826874817986,10.838041339801203,0.327447240220329,-0.2433463551543722,0.8687057565321071,1.1480890397472945,1.0003844036796705,0.17679802283957702
2023-10-18,150487.5109985709,17.0,54.048668062287895,55.20963034603585,1091.1799274334744,65.87289701940509,0,2,10,0,0,290,54.22561194982505,53.25324769022616,68.5636008009632,70.50720390577945,58.994061384222114,61.18069792670616,10.288819334695681,0.018259248060421118,-0.20911954278423373,0.9191706873113777,1.1622119106941236,0.9642593723742149,0.1744043229654199
2023-10-19,149455.99626136466,16.0,68.9458839923975,78.75359672495449,1092.3374947395737,70.30406788199156,0,3,10,0,0,291,65.87289701940509,54.22561194982505,66.24112191157565,66.30267387632135,58.60967512971382,60.849676006250846,9.9151974708085,0.21479305905034818,-0.005558856516079236,1.1239253053973843,1.1302079693322316,0.9631879572159608,0.16917339072199894
2023-10-20,149178.54097222316,17.0,62.02904342970368,74.58581150960353,1095.771274028814,57.97315196632024,0,4,10,0,0,292,70.30406788199156,65.87289701940509,65.39538587619352,53.36997501613863,59.19009598263038,61.135489863798725,10.535878927150133,0.067268498321565,0.07506159555493963,1.1877674248513235,1.1048366249546901,0.9681789761478578,0.17800070691289194
2023-10-21,112582.08838808408,17.0,51.27682272926417,52.1881752444946,1099.0898649261842,40.99411098729662,0,5,10,1,0,293,57.97315196632024,70.30406788199156,65.16242623955432,56.42688286286927,58.12977685264848,61.46428821738312,10.174591409316605,-0.17539406021809856,-0.11032852347769262,0.9973055997320398,1.120981874826953,0.9457488004588722,0.1750323493432271
2023-10-22,110689.5019438602,15.0,62.76972085799208,62.46799100685077,1101.7783625239808,52.0765749243639,0,6,10,1,0,294,40.99411098729662,57.97315196632024,40.11703522121694,58.268082751071205,54.67716038804024,60.361947369127925,11.415361186921832,-0.2928776580733038,0.021862925842930148,0.7497483537251036,0.7337073640347991,0.9058216769196688,0.20877750610872542
2023-10-23,149088.3616189574,14.0,75.40303519916709,79.62036759423268,1105.3038016509977,63.145551473969945,0,0,10,0,0,295,52.0765749243639,40.99411098729662,53.25324769022616,68.31657023068783,56.38566605991838,59.91969681007741,9.628046570927841,0.2703428290102825,-0.022095793531822894,0.9235782524768722,0.9444465484124361,0.9410205501980332,0.1707534422081061
2023-10-24,155566.39950173302,16.0,66.75716293285018,66.47007709733256,1106.0785030848556,65.21381350675554,0,1,10,0,0,296,63.145551473969945,52.0765749243639,54.22561194982505,70.37995264146367,57.798852314738916,59.5503383274547,9.815803778128728,0.21255193079964751,0.1644967977936056,1.0925052824598664,0.9381780048943519,0.970588143377377,0.16982696688642834
2023-10-25,153305.19808350643,17.0,69.13859718449245,70.08382165793277,1107.7589445758451,66.48074610200521,0,2,10,0,0,297,65.21381350675554,63.145551473969945,65.87289701940509,68.5636008009632,59.368595394300414,59.18132838926126,10.025508900526368,0.032753883440834075,-0.010005382220481196,1.0984563989367397,1.1095579503255202,1.0031642920180401,0.1688688916074449
2023-10-26,154057.85672560043,18.0,70.7015315493159,71.68816734216477,1109.2707018072997,63.27384674661538,0,3,10,0,0,298,66.48074610200521,65.21381350675554,70.30406788199156,66.24112191157565,59.455430977529,59.03255305362141,10.093636092578041,0.019427365570615418,-0.054382653737817255,1.118161032709214,1.1824667103760929,1.0071634700183723,0.16976810909659204
2023-10-27,154810.51536769446,17.0,70.83544583265376,62.06999088513472,1111.9478852663055,52.93460459541989,0,4,10,0,0,299,63.27384674661538,66.48074610200521,57.97315196632024,65.39538587619352,58.451113672475266,58.82060482755282,9.138888891002132,-0.04823801692100893,0.09143361367300873,1.0825088312459503,0.9918228811031174,0.9937183380524425,0.15635097976423418
2023-10-28,106412.0199563117,15.0,66.4838757227807,68.11791184775338,1113.2077726746238,59.19747930223407,0,5,10,1,0,300,52.93460459541989,63.27384674661538,40.99411098729662,65.16242623955432,57.731321190918074,57.93054902178327,9.378099109642221,-0.16340467164260963,0.2912733883123706,0.9169130985304252,0.7100844072445298,0.9965609193382531,0.16244386783785444
2023-10-29,107565.03583921213,13.0,66.20685858015179,64.51684799380057,1115.913768794094,43.87796198955508,0,6,10,1,0,301,59.19747930223407,52.93460459541989,52.0765749243639,40.11703522121694,60.33180237876628,57.50448138340325,5.807615041339152,0.11831343134951977,0.13673910752027352,0.9811985879451958,0.8631695535536031,1.049166967988325,0.09626125546322377
2023-10-30,155605.17442049304,14.0,71.5174639833577,69.7483570746873,1119.110197709291,73.79033091022961,0,0,10,0,0,302,43.87796198955508,59.19747930223407,63.145551473969945,53.25324769022616,59.16057195950788,57.77311900971312,8.117347403093763,-0.2587866492501285,-0.30512979987762734,0.7416757569481767,1.067358705003555,1.0240155451804756,0.13720873774935166
2023-10-31,155165.48106173385,16.0,60.82871953293262,70.88113564369017,1121.7663600293583,65.45999317930348,0,1,10,0,0,303,73.79033091022961,43.87796198955508,65.21381350675554,54.22561194982505,60.681254736116394,59.240053525427655,9.809098035761677,0.6817173716453606,0.13151381497703118,1.2160317256312587,1.0746945459573936,1.0243281551065806,0.1616495584743319
2023-11-01,236805.99362414345,20.0,72.26946603706415,66.53303835825506,1124.0933608482876,71.34665003049041,0,2,11,0,1,304,65.45999317930348,73.79033091022961,66.48074610200521,65.87289701940509,60.71642326076611,60.04250932753326,9.828479197162324,-0.1128919958505199,-0.015354113522365265,1.0781266363165793,1.0949384455089255,1.0112239468466688,0.16187513475473964
2023-11-02,237526.30953323512,25.0,63.31090726986925,69.71475174963528,1125.403062175567,82.6736213216185,0,3,11,0,1,305,71.34665003049041,65.45999317930348,63.27384674661538,70.30406788199156,61.41155239340685,60.43349168546793,10.456145655026093,0.08992755063482227,0.1275851508792114,1.1617789691007745,1.0303248213182845,1.0161840840345504,0.1702634968099042
2023-11-03,242335.0595831537,26.0,74.86080206095116,73.49382699710189,1126.8255814026668,89.47247024948707,0,4,11,0,1,306,82.6736213216185,71.34665003049041,52.93460459541989,57.97315196632024,64.18294876126444,61.31703121686985,13.233976863930813,0.15875967948442482,0.561806722719371,1.2880932228454032,0.8247456001486624,1.046739339585086,0.20619147482855688
2023-11-04,168555.81044465667,23.0,59.87873194906607,61.504184716773686,1129.925276526904,76.07827902117857,0,5,11,1,1,307,89.47247024948707,82.6736213216185,59.19747930223407,40.99411098729662,69.4026438547026,63.56698252281034,15.128047871206435,0.08223722173024894,0.5114236501977281,1.2891795655047595,0.8529571211460837,1.091803340355163,0.21797509476552002
2023-11-05,173231.01352468017,22.0,62.60748877035992,69.03785049654651,1132.6487557300284,84.9636672240763,0,6,11,1,1,308,76.07827902117857,89.47247024948707,43.87796198955508,52.0765749243639,71.81418667169467,66.07299452523048,14.56512355129373,-0.1497018154406583,0.7338608169469814,1.0593767408238932,0.610992953107543,1.086891659561031,0.2028168002219334
2023-11-06,236917.82939026444,22.0,72.45086935662572,74.66095195814503,1134.7175401145262,82.1073631881392,0,0,11,0,1,309,84.9636672240763,76.07827902117857,73.79033091022961,63.145551473969945,77.68357313376914,68.4220725466385,8.408183034053788,0.1167927076849915,0.1514200597289599,1.0937147172384956,0.9498833271116988,1.1353583754835508,0.10823630653001903
2023-11-07,237023.27518709112,25.0,66.80179215994988,71.29449871405757,1136.4832124779134,81.6839256984354,0,1,11,0,1,310,82.1073631881392,84.9636672240763,65.45999317930348,65.21381350675554,78.87172060204193,69.77648766907916,8.353801272418345,-0.033617946697193646,0.25431365327577105,1.0410241156323081,0.829955181396268,1.130348104881657,0.10591630572595966
2023-11-08,242456.50740794875,27.0,72.00034859077874,77.4412021752873,1136.9625661794246,107.66006531535614,0,2,11,0,1,311,81.6839256984354,82.1073631881392,71.34665003049041,66.48074610200521,81.18942524763222,70.95292425419916,5.904062943817593,-0.0051571195720113705,0.14488803137256334,1.0060907002272148,0.878767768251582,1.144271728065207,0.07271960511864539
2023-11-09,241530.4653959521,28.0,68.95752767851206,62.732211334139954,1138.2058842444767,95.16928467192444,0,3,11,0,1,312,107.66006531535614,81.6839256984354,82.6736213216185,63.27384674661538,86.37705600261302,73.89430419800995,10.202791506388559,0.3180079727414262,0.30222994462205666,1.2463965582723644,0.9571247869239432,1.1689271174562226,0.11811923187194423
2023-11-10,241650.23854400252,27.0,65.9147067662454,64.67058174045758,1140.5582696509318,98.63294143121357,0,4,11,0,1,313,95.16928467192444,107.66006531535614,89.47247024948707,52.93460459541989,88.16215076694245,76.17254976410344,10.534575141335162,-0.11602055606081885,0.06367114271632657,1.0794800698942273,1.0148626079462202,1.1574005470470565,0.11949090454001537
2023-11-11,176987.70722861734,25.0,56.91305679993741,55.10469280716094,1142.9106550573867,78.35353436311303,0,5,11,1,1,314,98.63294143121357,95.16928467192444,76.07827902117857,59.19747930223407,89.4707895071891,79.43671668094585,11.267922116728462,0.036394691535502455,0.29646651712187455,1.102403834530691,0.850314157729273,1.1263153016072487,0.12593967459986558
2023-11-12,171970.33536653104,23.0,61.9854249611186,55.448252371355935,1145.4894245751534,81.15674688484745,0,6,11,1,1,315,78.35353436311303,98.63294143121357,84.9636672240763,43.87796198955508,89.7958259846083,80.80500632815149,10.841977808583962,-0.2056048088380631,-0.07779952392509426,0.8725743485732113,0.9461872675311181,1.1112656265373562,0.12074033163236743
2023-11-13,241626.21188517983,23.0,67.0577931222998,83.39170662438347,1148.0681940929198,85.75815280034976,0,0,11,0,1,316,81.15674688484745,78.35353436311303,82.1073631881392,73.79033091022961,89.25198022186133,83.46777667781522,11.213863805726499,0.035776465535600765,-0.011577722951759295,0.9092991178807365,0.9199500446268851,1.06929864163476,0.1256427451564798
2023-11-14,237824.7329736262,23.0,68.89252539514881,76.33741821980298,1149.1642559585175,67.87921236690008,0,1,11,0,1,317,85.75815280034976,81.15674688484745,81.6839256984354,65.45999317930348,89.77352159503425,84.3226210985381,10.90689146354674,0.05669776194986231,0.049877954163904725,0.9552722370322321,0.9098888430255551,1.0646433949215872,0.12149341219727806
2023-11-15,240529.86540995375,28.0,62.40896565201624,66.83896616129206,1151.4120243383427,110.8351004118612,0,2,11,0,1,318,67.87921236690008,85.75815280034976,107.66006531535614,71.34665003049041,87.8014196905292,84.49542246908071,13.542873905613977,-0.2084809414572274,-0.3695042616956494,0.7730992574624843,1.2261768168991123,1.0391263470238077,0.1542443613480067
2023-11-16,238880.02778252927,28.0,61.19100485812372,57.34051410278113,1154.2623567683513,104.92145216124489,0,3,11,0,1,319,110.8351004118612,67.87921236690008,95.16928467192444,82.6736213216185,88.25499613288707,87.31602606775006,14.34806097315667,0.6328283217662629,0.16460999779436492,1.2558507197142117,1.078344443283714,1.0107536967430062,0.16257505639173728
2023-11-17,239955.98385997087,27.0,59.3347719864756,64.87714789777294,1156.372356225877,89.19382044852317,0,4,11,0,1,320,104.92145216124489,110.8351004118612,98.63294143121357,89.47247024948707,89.64816291707572,88.90515684200908,15.554088941822146,-0.05335537414267966,0.06375669871324807,1.1703692384449296,1.1002226729670828,1.0083572888396903,0.17350147996015972
2023-11-18,174990.11610174764,25.0,59.32610588362534,65.1972086937901,1160.767078670411,74.27105186265962,0,5,11,1,1,321,89.19382044852317,104.92145216124489,78.35353436311303,76.07827902117857,88.29971706240566,88.88525328479737,15.046207359500178,-0.14989910441337828,0.13835095217496018,1.0101257786079383,0.8873588383951084,0.9934124480636221,0.1703992703494882
2023-11-19,169457.13326706612,22.0,55.6140145292115,62.23563079995603,1161.5321992633078,78.55991452509238,0,6,11,1,1,322,74.27105186265962,89.19382044852317,81.15674688484745,84.9636672240763,87.71650527662658,88.75616563061745,15.566128187616323,-0.16730720257101217,-0.08484439416919809,0.8467169505720185,0.9252163732345242,0.9882863309089118,0.17745951162242848
2023-11-20,248439.74910274183,22.0,74.75603986841558,73.53005292696399,1164.4791820872151,82.16201090364612,0,0,11,0,1,323,78.55991452509238,74.27105186265962,85.75815280034976,82.1073631881392,87.34552922523301,88.29875472354716,15.778019742336873,0.057746087538434576,-0.08393648930400033,0.899415404794381,0.9818264719561093,0.989204541997239,0.1806391223716898
2023-11-21,236213.53047400116,24.0,67.97185798294171,68.55326375517718,1166.440940697298,88.04299717050183,0,1,11,0,1,324,82.16201090364612,78.55991452509238,67.87921236690008,81.6839256984354,86.83179466856107,88.30265813179766,15.8964203404957,0.045851582201037244,0.210414912588331,0.9462203472502253,0.7817322286841654,0.9833429310696262,0.18307142448423064
2023-11-22,235548.24554884908,27.0,58.67134620324198,63.57647458339037,1169.1584768211671,93.5964476812994,0,2,11,0,1,325,88.04299717050183,82.16201090364612,110.8351004118612,107.66006531535614,89.71233535478989,88.75687752265955,13.542286309523758,0.07157792515269046,-0.2056397581331576,0.9813923227203234,1.2354499520443432,1.0107648878464253,0.15095233287560064
2023-11-23,245204.84349400023,27.0,64.26918798347916,66.84481541824998,1171.6115225425267,96.81091214663137,0,3,11,0,1,326,93.5964476812994,88.04299717050183,104.92145216124489,95.16928467192444,87.24967067899534,87.7523334059412,10.221082906632706,0.06307657268917022,-0.10793793115387929,1.0727427043897368,1.2025426725937647,0.9942718021568664,0.11714752419224145
2023-11-24,243906.45077585176,28.0,61.45623488583493,53.06848604493027,1173.1249975848384,106.5511058824775,0,4,11,0,1,327,96.81091214663137,93.5964476812994,89.19382044852317,98.63294143121357,86.09102210547913,87.86959251127743,8.129692765138211,0.034343872496928274,0.08539932093730962,1.1245180946744735,1.036040904930162,0.9797589774236174,0.09443136538880527
2023-11-25,175949.66326820862,25.0,61.04302250412447,62.68541985042361,1175.408194698806,87.71434767894259,0,5,11,1,1,328,106.5511058824775,96.81091214663137,74.27105186265962,78.35353436311303,88.57063431032974,88.43517568636771,11.273122611861124,0.10061049441506631,0.43462497447201165,1.2030071446609336,0.8385516536150357,1.0015317278776312,0.12727833214294113
2023-11-26,176087.09403705713,22.0,67.84107853843068,65.01583065944297,1176.0218735376875,67.87064354910082,0,6,11,1,1,329,87.71434767894259,106.5511058824775,78.55991452509238,81.15674688484745,90.49110514122732,89.10380520892696,9.42459081042252,-0.1767861351369855,0.11652804371275427,0.969314581162965,0.8681506806938183,1.0155694802152107,0.10414936137329503
2023-11-27,241193.01290861235,23.0,61.9512818725875,65.43708259261255,1178.6044715381445,94.16199651263229,0,0,11,0,1,330,67.87064354910082,87.71434767894259,82.16201090364612,85.75815280034976,88.96406643037139,88.1547978278022,12.15145062817989,-0.22623099475669484,-0.1739413044710556,0.7628995196866417,0.9235415398637498,1.009180085741334,0.13658830037507722
2023-11-28,237820.38251405663,23.0,69.50024566724507,85.52649154681312,1180.9429983109371,96.14537368095677,0,1,11,0,1,331,94.16199651263229,67.87064354910082,88.04299717050183,67.87921236690008,90.67835008879797,88.75507237867951,11.875223876732734,0.3873744462804609,0.0695001253794274,1.0384176203076358,0.9709373525685522,1.0216694962729866,0.1309598582804359
2023-11-29,241880.0182327749,28.0,63.62106947225342,67.73426390517426,1183.5539264458514,120.05120653246496,0,2,11,0,1,332,96.14537368095677,94.16199651263229,93.5964476812994,110.8351004118612,91.83583244743438,90.77408390111214,11.970035900910416,0.021063457039787847,0.027233148936769425,1.0469265766822455,1.01917133200565,1.0116966043686975,0.13034167145772763
2023-11-30,329344.2053269652,26.0,85.19565885732543,68.23713464014949,1186.5004211059213,127.80441665406404,1,3,11,0,1,333,120.05120653246496,96.14537368095677,96.81091214663137,104.92145216124489,95.61508371188663,91.43237719544098,16.08684216335384,0.24864257047703542,0.240058624286418,1.25556765598,1.0125066923368293,1.0457464483014034,0.1682458618331363
2023-12-01,245812.078933671,27.0,66.42197498056616,72.7465874943392,1188.8945169780889,94.76101158477638,0,4,12,0,1,334,127.80441665406404,120.05120653246496,106.5511058824775,89.19382044852317,100.04272721294842,93.06687465921378,20.2081415339688,0.06458252562003541,0.19946588630462703,1.2774983271100036,1.0650559900838719,1.0749552682334973,0.2019951084595511
2023-12-02,173708.65047399144,24.0,57.31979695538139,63.26927700035118,1191.1129885139276,64.05941983314281,0,5,12,1,1,335,94.76101158477638,127.80441665406404,87.71434767894259,74.27105186265962,98.35842802756255,93.46453116894614,20.066113169516854,-0.25854666007926974,0.08033650243431589,0.9634254378101886,0.8917827321758617,1.052361005799839,0.2040101043897714
2023-12-03,171115.41921282996,21.0,61.60859575522363,66.38734905643811,1192.508133844599,78.04375967030496,0,6,12,1,1,336,64.05941983314281,94.76101158477638,67.87064354910082,78.55991452509238,94.97915262101972,92.73512888112353,23.801548924146676,-0.3239897003860802,-0.05615422982103868,0.674457689560034,0.71458463964102,1.02419820586838,0.2505976129216295
2023-12-04,241128.25663338808,23.0,66.25996096393139,71.04222173722347,1194.038357233679,78.88306149948225,0,0,12,0,1,337,78.04375967030496,64.05941983314281,94.16199651263229,82.16201090364612,96.43245492404888,92.69826067721013,22.121761700251053,0.21830263017660045,-0.17117560628788264,0.8093100992997946,0.976455453579349,1.040283325917428,0.22940162331939348
2023-12-05,244232.9258171025,24.0,72.88457046457113,83.59037419580461,1197.0877449298212,101.18610428854387,0,1,12,0,1,338,78.88306149948225,78.04375967030496,96.14537368095677,88.04299717050183,94.2497499221703,92.46405000548414,23.114608889299994,0.010754246498668296,-0.17954386696500624,0.8369577804145096,1.0201127722922538,1.0193123696894117,0.24524849040329139
2023-12-06,329852.6391958796,27.0,84.0798006107928,61.42653498524236,1200.336813254386,114.83921150624298,1,2,12,0,1,339,101.18610428854387,78.88306149948225,120.05120653246496,93.5964476812994,94.96985429468275,93.40284337105857,23.26155854244541,0.2827355120998696,-0.1571421295030423,1.0654549808465819,1.264098038520277,1.0167769081439948,0.24493623492636862
2023-12-07,239627.11841773428,27.0,72.53059624701957,75.39263738167294,1202.2463249053362,78.86941040476621,0,3,12,0,1,340,114.83921150624298,101.18610428854387,127.80441665406404,96.81091214663137,94.22528357665104,94.92018364426883,22.392100772324145,0.1349306539044699,-0.1014456736883732,1.218772787378483,1.3563707298380994,0.9926791116395006,0.23764429166305945
2023-12-08,244058.14884596763,27.0,65.14410271739877,62.48337652401132,1204.383127103139,88.93343718873524,0,4,12,0,1,341,78.86941040476621,114.83921150624298,94.76101158477638,106.5511058824775,87.23456839817993,93.63864780556416,17.19782463802898,-0.3132188094092003,-0.1677018946319817,0.9041073034805288,1.0862782188849975,0.9316085872931231,0.19714460624749072
2023-12-09,176120.4422844349,25.0,56.9518828446863,63.33906950746029,1205.759435603144,67.40118524203795,0,5,12,1,1,342,88.93343718873524,78.86941040476621,64.05941983314281,87.71434767894259,86.40205777017404,92.3802428988683,16.911427715150882,0.12760367717115373,0.388296013613336,1.0292976751236014,0.741410812269521,0.9352871897594079,0.1957294554272607
2023-12-10,173233.33129851546,21.0,57.11320145167115,56.097128603906455,1208.7976410793578,79.79234034771243,0,6,12,1,1,343,67.40118524203795,88.93343718873524,78.04375967030496,67.87064354910082,86.87945282858763,90.92930272480366,16.208139255434112,-0.2421164932712695,-0.1363667572298728,0.7758012170612985,0.8982993921967325,0.9554615533732526,0.18655894722786323
2023-12-11,241701.44677752675,23.0,62.30149768020813,62.75436407614107,1211.4299745383112,66.80260277841073,0,0,12,0,1,344,79.79234034771243,67.40118524203795,78.88306149948225,94.16199651263229,87.12925006821727,91.78085249613308,16.062085625493104,0.1838417983478744,0.011526921381419086,0.9157928053465344,0.9053568283638534,0.9493183784917253,0.18434780068596252
2023-12-12,244681.19974943053,24.0,62.29645589694088,63.36171514636317,1215.0829484874823,86.07227062526466,0,1,12,0,1,345,66.80260277841073,79.79234034771243,101.18610428854387,96.14537368095677,85.40347025092134,89.82661008654584,17.664787573647732,-0.16279429219266028,-0.33980457842397627,0.7822000977494243,1.1848008516662385,0.9507591366148305,0.20683922470301683
2023-12-13,238128.06263401068,26.0,66.7910980183288,73.31196201138658,1216.480290025739,73.35936083981892,0,2,12,0,1,346,86.07227062526466,66.80260277841073,114.83921150624298,120.05120653246496,83.24435115616718,89.10710272542497,16.283895469913798,0.2884568421798306,-0.25049754786425416,1.0339713077202353,1.3795435955864865,0.9342055639793015,0.19561562128540178
2023-12-14,238457.9449024938,27.0,66.83911704296374,73.06356585408307,1218.277883706524,89.74860264086142,0,3,12,0,1,347,73.35936083981892,86.07227062526466,78.86941040476621,127.80441665406404,77.31865820382087,85.77197089023595,8.6088373615487,-0.1477004114460313,-0.06986294859653619,0.9487924718822099,1.020056636224304,0.9014443459946496,0.11134230160661628
2023-12-15,241381.42311499023,28.0,57.88682662295775,55.08087441613428,1220.5630404445444,107.97425270838971,0,4,12,0,1,348,89.74860264086142,73.35936083981892,88.93343718873524,94.76101158477638,78.87282852326305,83.05369846072149,9.830759999036298,0.2234103679941899,0.009166017618280398,1.1378899973695076,1.127554810114422,0.9496606410678304,0.12464064219703717
2023-12-16,175130.4833931526,25.0,63.254450403083055,65.8782308774657,1223.180232074725,86.03234944705063,0,5,12,1,1,349,107.97425270838971,89.74860264086142,67.40118524203795,64.05941983314281,81.59294502607084,83.99750139812245,14.570214247526131,0.2030744717047035,0.6019637091047241,1.3233282935661832,0.8260663372366535,0.9713734774007771,0.17857198613030342
2023-12-17,177348.43026239204,22.0,60.70805471816506,60.01854450078618,1225.1076979646868,69.48838737427903,0,6,12,1,1,350,86.03234944705063,107.97425270838971,79.79234034771243,78.04375967030496,84.2545399125012,85.56699637054442,13.18117669116263,-0.20321421738012335,0.07820310912232942,1.0211004598256153,0.9470390608099837,0.9846616509435522,0.15644470558917484
2023-12-18,250658.8248677982,22.0,72.58627525271544,66.77649564879567,1226.5093290923242,81.42613129793958,0,0,12,0,1,351,69.48838737427903,86.03234944705063,66.80260277841073,78.88306149948225,82.78254663058216,84.95589834939972,14.291146443712599,-0.19229931739750672,0.04020478969625252,0.8394086700952987,0.8069648192452683,0.9744178831482757,0.17263477659713664
2023-12-19,248355.43849280808,25.0,74.3493290843754,73.39437801537846,1229.3144551154626,88.56820096342626,0,1,12,0,1,352,81.42613129793958,69.48838737427903,86.07227062526466,101.18610428854387,84.87162213337199,85.13754619214667,12.525659010576478,0.17179480449533746,-0.053979513884943486,0.9594034996760404,1.0141466424431704,0.9968765360211989,0.14758359385299555
2023-12-20,244452.44588014623,29.0,67.26147906642375,67.2667693108599,1231.9913634054992,101.142145582062,0,2,12,0,1,353,88.56820096342626,81.42613129793958,73.35936083981892,114.83921150624298,85.22818361025222,84.23626738320971,12.600833223333355,0.08771225590165566,0.20731969239503112,1.0391891181026212,0.8607406345216821,1.0117754057469102,0.14784819633088583
2023-12-21,245183.53516838924,28.0,63.5188349448454,77.94865038760393,1233.3583441250482,84.17592235637328,0,3,12,0,1,354,101.142145582062,88.56820096342626,89.74860264086142,78.86941040476621,89.1971528591441,83.25790553148248,12.61482065487043,0.14196906431268808,0.1269495301981809,1.1339167489099218,1.0061823697734853,1.0713355361241437,0.14142627035182564
2023-12-22,241416.88254144875,28.0,60.6503772616036,65.68510093608637,1236.542698365933,99.58256980251018,0,4,12,0,1,355,84.17592235637328,101.142145582062,107.97425270838971,88.93343718873524,88.40105567564578,83.63694209945443,12.749342889919575,-0.16774632501663833,-0.2204074559912863,0.95220494498646,1.221413611898034,1.056961833570221,0.1442216135596668
2023-12-23,208605.3719928841,25.0,51.249413184598254,49.11144304390741,1239.57885733329,61.64149265063418,0,5,12,1,1,356,99.58256980251018,84.17592235637328,86.03234944705063,67.40118524203795,87.2022438319487,84.39759442900977,10.856109124812255,0.1830291491302014,0.1575014566328814,1.141972562018245,0.9865841252072295,1.033231390324733,0.12449346080742535
2023-12-24,175793.86144431942,22.0,59.56522940736125,59.82831350503429,1241.786294531088,71.25811776422101,0,6,12,1,1,357,61.64149265063418,99.58256980251018,69.48838737427903,79.79234034771243,83.71783571817494,83.98618781533808,14.572384160555893,-0.38100118551991435,-0.11292382828485903,0.7363005997687534,0.8300308623386123,0.9968048067885499,0.1740654668810587
2023-12-25,247220.0742413524,22.0,70.71559137711174,76.67938957883638,1243.949972820989,77.53534958492777,0,0,12,0,1,358,71.25811776422101,61.64149265063418,81.42613129793958,66.80260277841073,83.9706543453095,83.37660048794582,14.297122270173917,0.1560089592263938,-0.12487408368345088,0.8486073893290008,0.9696974726800845,1.007124946974176,0.17026331855627058
2023-12-26,242787.67622579072,25.0,63.32624164194228,76.10320717790346,1246.4932190378818,93.1029720980892,0,1,12,0,1,359,77.53534958492777,71.25811776422101,88.56820096342626,86.07227062526466,83.41482838630782,84.14322525983991,14.486903186403183,0.08809146266642731,-0.12456899043319669,0.929515184348864,1.0617800537004323,0.9913433687467678,0.1736729963563786
2023-12-27,248341.3860569647,28.0,64.38467562233294,58.57782393667656,1247.9038565816768,95.53035290756236,0,2,12,0,1,360,93.1029720980892,77.53534958492777,101.142145582062,73.35936083981892,84.06265283411679,84.64541822218452,14.852538097626004,0.20078096760380948,-0.07948391284076717,1.1075426358696046,1.2031757525145994,0.9931152163896452,0.17668414684622122
2023-12-28,252562.3556520103,28.0,65.64049233132856,58.11277193936762,1250.027881765008,84.41033988544761,0,3,12,0,1,361,95.53035290756236,93.1029720980892,84.17592235637328,89.74860264086142,83.26096816633114,86.22906051273762,13.897766678799178,0.026072001298903524,0.13488929177536235,1.147360582172436,1.0109889929242033,0.9655789784933579,0.16691814886220746
2023-12-29,246163.75940617255,28.0,63.79185429394091,75.38830931201164,1250.4059749293206,87.31449025148746,0,4,12,0,1,362,84.41033988544761,95.53035290756236,99.58256980251018,107.97425270838971,83.29445638477033,85.84775603020806,13.900620944784288,-0.11640293041599836,-0.1523582886759377,1.0133968519528187,1.1955485890021127,0.9702578172859955,0.16688530723547523
2023-12-30,179278.51088839574,25.0,57.5402795160945,62.98029449973012,1253.207139445723,85.05828500058547,0,5,12,1,1,363,87.31449025148746,84.41033988544761,61.64149265063418,86.03234944705063,81.54187359176709,84.3720587118579,12.170461401548787,0.03440514953477303,0.41648890214843215,1.070793279642071,0.7559489368522168,0.9664558959055831,0.14925413000048582
2023-12-31,180552.7679668445,23.0,62.72183704476842,60.8360059764329,1254.0579448677695,78.32070498309497,0,6,12,1,1,364,85.05828500058547,87.31449025148746,71.25811776422101,69.48838737427903,84.88712964176013,84.30248267996753,8.433322849202522,-0.02583998651774244,0.19366449282349096,1.0020162698343984,0.8394454856106439,1.0069351096575894,0.09934748512280664
2024-01-01,141873.11811245666,19.0,62.73899733891782,67.86434330174643,1257.3606807305127,62.32184814890431,0,0,1,0,0,365,78.32070498309497,85.05828500058547,77.53534958492777,81.42613129793958,85.89607067302784,84.93336250916867,6.794211257645269,-0.07921133158802962,0.010128997965076048,0.9118077738530175,0.9026646850945487,1.0113348645975866,0.0790980449327901
2024-01-02,144471.56992724168,18.0,58.18014054693553,48.36537374246404,1259.1965846553396,60.99266676690133,0,1,1,0,0,366,62.32184814890431,78.32070498309497,93.1029720980892,88.56820096342626,83.72271332502449,83.56877085566614,11.02834057515858,-0.2042736571082182,-0.3306137629715542,0.7443839989628774,1.1120395935646412,1.0018421052240223,0.1317245958375102
2024-01-03,238114.16684953298,15.0,82.72755218733495,73.05976743567881,1261.1272510697945,83.34209213392178,1,2,1,0,0,367,60.99266676690133,62.32184814890431,95.53035290756236,101.142145582062,79.1355268491405,81.59908984162867,12.981496951322653,-0.021327695206136865,-0.3615362561685561,0.7707368510122427,1.2071740305675354,0.9698089403047317,0.16404132844240546
2024-01-04,144160.30439419532,17.0,63.42194558914616,67.37666233553236,1262.7250639449271,58.37409054911946,0,3,1,0,0,368,83.34209213392178,60.99266676690133,84.41033988544761,84.17592235637328,77.39434673862043,80.32765745247579,11.096534679435742,0.3664280732704204,-0.012655413459719989,1.0768498688332926,1.090652527509818,0.9634831786848659,0.14337655328898175
2024-01-05,140774.76086457816,16.0,64.78594236700313,71.45010459129166,1264.5946328457894,59.26457538186549,0,4,1,0,0,369,58.37409054911946,83.34209213392178,87.31449025148746,99.58256980251018,73.6748825477164,78.48466946624335,12.612847814546917,-0.2995845310036306,-0.33145013638643994,0.7923201032768908,1.1851323983439974,0.938716860869298,0.17119603558754315
2024-01-06,103752.12069703576,15.0,62.25884998415211,59.737600225859,1267.8294579219078,72.36164797923772,0,5,1,1,0,370,59.26457538186549,58.37409054911946,85.05828500058547,61.64149265063418,69.66775185205611,75.6048127219116,11.998069006956994,0.01525479582412892,-0.303247468703871,0.8506744341014129,1.2209133026312107,0.9214724479023169,0.17221840360853977
2024-01-07,105716.0571649818,11.0,67.92428623468753,69.76786479476682,1267.9392109966798,34.53818174923809,0,6,1,1,0,371,72.36164797923772,59.26457538186549,78.32070498309497,71.25811776422101,67.85394656329215,76.37053810252613,10.091921668207693,0.22099327486922027,-0.07608533407792328,1.0664324132088752,1.1542542320665126,0.8884832849049643,0.1487300618364806
2024-01-08,149962.97443118016,15.0,71.89081197912401,67.88552645300128,1271.06078330555,43.5170722403153,0,0,1,0,0,372,34.53818174923809,72.36164797923772,62.32184814890431,77.53534958492777,61.59930038702688,73.74768553002737,14.931087588978047,-0.5227004537106739,-0.4458094107428149,0.5606911366238829,1.011729804678587,0.8352709640215881,0.2423905384503784
2024-01-09,148092.68330434084,15.0,68.87657879459701,71.3781818140492,1273.4312020904315,64.4676877712374,0,1,1,0,0,373,43.5170722403153,34.53818174923809,60.99266676690133,93.1029720980892,58.91290382865702,71.31780857684075,16.398943430082074,0.25996998209887767,-0.28651960068205196,0.7386679218339137,1.0353023328181736,0.8260616107571762,0.27835910919918244
2024-01-10,152965.52983004623,18.0,61.41729038556341,59.65710069663562,1274.565584772146,60.03354060573582,0,2,1,0,0,374,64.4676877712374,43.5170722403153,83.34209213392178,95.53035290756236,59.40933540070504,69.27243112492276,16.524512975009596,0.48143439924510645,-0.2264690491853174,1.08514406593534,1.4028450507280497,0.8576187443684333,0.27814674013023033
2024-01-11,141380.6097484478,16.0,66.26290413735342,65.96981911408163,1275.8053348577064,57.47562110333819,0,3,1,0,0,375,60.03354060573582,64.4676877712374,58.37409054911946,84.41033988544761,56.079542325249896,66.73694453193517,12.834571205516108,-0.06878092450338957,0.028427852853998736,1.0705069641537648,1.0409159584534704,0.8403073098201933,0.228863693841833
2024-01-12,148036.48254688273,17.0,59.8817652334961,57.926335212845736,1279.2464492794732,56.5581313294409,0,4,1,0,0,376,57.47562110333819,60.03354060573582,59.26457538186549,87.31449025148746,55.951189547281146,64.81303604749877,12.812273227459539,-0.042608173307593256,-0.030185895486474768,1.0272457398741959,1.0592192205633875,0.863270615903209,0.22899018467931984
2024-01-13,104877.3360229534,14.0,61.4735298144776,67.43450506070036,1280.5900437755188,50.71055276774044,0,5,1,1,0,377,56.5581313294409,57.47562110333819,72.36164797923772,85.05828500058547,55.56455468264905,62.616153267352594,12.736231248808277,-0.01596311194702349,-0.21839630648449615,1.0178814831229468,1.3022987116971143,0.8873837146367761,0.22921503324466264
2024-01-14,112973.1637328707,13.0,64.27380051661079,70.71129599657195,1281.7673633670422,63.85706099745216,0,6,1,1,0,378,50.71055276774044,56.5581313294409,34.53818174923809,78.32070498309497,52.47154108100659,60.16274382214937,10.3900704034729,-0.10339058989837147,0.4682461611882365,0.966439172988125,0.6582269366915938,0.8721600403751665,0.19801344098951668
2024-01-15,141605.6068585794,15.0,65.68100919899344,66.37170450940768,1284.777215000934,64.15762722759672,0,0,1,0,0,379,63.85706099745216,50.71055276774044,43.5170722403153,62.32184814890431,56.659952402180025,59.129626394603456,7.449234177784667,0.25924600526292996,0.46740250917646486,1.1270228492990266,0.7680393363451,0.9582328835304661,0.1314726515283492
2024-01-16,141577.1126312769,15.0,65.99399147557341,67.98638315525888,1287.1480573019626,64.63815371514592,0,1,1,0,0,380,64.15762722759672,63.85706099745216,64.4676877712374,60.99266676690133,59.6086031146488,59.26075347165291,5.091898478341196,0.004706859749723735,-0.004809549626487608,1.076314892066813,1.0815164993422648,1.005869814719151,0.08542220773983987
2024-01-17,142635.62941822392,16.0,57.5097905783532,53.76487538951484,1288.4977168407336,48.79179712134886,0,2,1,0,0,381,64.63815371514592,64.15762722759672,60.03354060573582,83.34209213392178,59.63295539235002,59.52114539652752,5.119344114751776,0.007489779599306967,0.07670067537162972,1.0839334272444594,1.0067175140113414,1.0018784920061203,0.08584756668639817
2024-01-18,136634.81710276078,16.0,61.502091819828266,62.93277645587748,1290.771016821057,50.48206805187197,0,3,1,0,0,382,48.79179712134886,64.63815371514592,57.47562110333819,58.37409054911946,58.026992037437594,57.05326718134375,6.539145217507736,-0.2451548455983198,-0.15108708379812497,0.840846568263776,0.9904980266124483,1.017066942949978,0.1126914387237036
2024-01-19,143124.57991327698,16.0,65.49439306130334,67.14449136383395,1292.050414674145,37.44691246245604,0,4,1,0,0,383,50.48206805187197,48.79179712134886,56.5581313294409,59.26457538186549,57.02791303008528,56.48955128868322,7.143730083721386,0.03464252251908828,-0.10743041070747117,0.8852168240005552,0.9917622498232305,1.0095302888608697,0.12526725429970909
2024-01-20,101597.32535378524,14.0,61.02071835364458,76.92054013806555,1295.031071792883,46.088818011851714,0,5,1,1,0,384,37.44691246245604,50.48206805187197,50.71055276774044,72.36164797923772,54.2977389062303,54.93114679443968,10.305461417873397,-0.2582135814250296,-0.2615558218431031,0.6896587816874868,0.933934889173106,0.9884690576262738,0.18979540631830832
2024-01-21,105305.41514590484,13.0,58.63947963385403,56.35174857821241,1297.9801685647817,58.18273351082341,0,6,1,1,0,385,46.088818011851714,37.44691246245604,63.85706099745216,34.53818174923809,53.63749108396048,53.05451608248353,10.713559926264557,0.23077751892255405,-0.27825024684912103,0.8592649857486327,1.1905303493314903,1.0109882257821483,0.19974013902876775
2024-01-22,146886.22390310865,15.0,72.56502249019788,80.3729041859205,1300.5057735238393,62.26843467337908,0,0,1,0,0,386,58.18273351082341,46.088818011851714,64.15762722759672,43.5170722403153,52.826872871584946,54.743412636882496,10.002517217018738,0.262404548883457,-0.09312834615247856,1.1013851539586272,1.214488455213984,0.9649904952398545,0.18934524557858115
2024-01-23,153121.08335686353,15.0,65.20487347867036,72.14819265026533,1302.8951023728366,56.81149814322969,0,1,1,0,0,387,62.26843467337908,58.18273351082341,64.63815371514592,64.4676877712374,52.556988220982426,56.08279566781562,9.665655133589759,0.07022188398548912,-0.03666130459434158,1.1847793562972762,1.229867918674615,0.9371321025485797,0.18390808645558807
2024-01-24,149515.2953527442,17.0,68.57880916093795,71.26622935120103,1306.4040528727307,62.75627543618892,0,2,1,0,0,388,56.81149814322969,62.26843467337908,48.79179712134886,60.03354060573582,51.43889456785154,55.53592498010078,8.405798554468955,-0.08763567863513888,0.16436576422744253,1.1044463264717188,0.9485389904129651,0.926227384999579,0.16341328143008813
2024-01-25,143503.18537735037,17.0,65.41651487376711,76.12631431998936,1308.5038019346412,56.99233125471587,0,3,1,0,0,389,62.75627543618892,56.81149814322969,50.48206805187197,57.47562110333819,53.43382004140012,55.73040603941886,9.284059702365386,0.10464038948544574,0.24313994766824543,1.1744673202770424,0.9447587316938757,0.9587911490112895,0.17374875491163028
2024-01-26,142314.34131460657,17.0,60.92642277049431,65.60166557942976,1309.6583026343046,64.0567749992189,0,4,1,0,0,390,56.99233125471587,62.75627543618892,37.44691246245604,56.5581313294409,54.3638576418064,55.69588533594583,9.265149396375401,-0.09184649887856833,0.5219500756399049,1.0483496522676519,0.6888200007657101,0.9760839120142373,0.1704284757976851
2024-01-27,107091.42068602602,15.0,67.15246853544154,62.892275692340746,1312.1178817645705,61.40356556792496,0,5,1,1,0,391,64.0567749992189,56.99233125471587,46.088818011851714,50.71055276774044,58.16526657562965,56.231502740929976,6.078275571579406,0.12395428628686744,0.38985501825511637,1.1012891158321916,0.7923769755602258,1.03438933232158,0.10450008964845198
2024-01-28,130308.42787472172,13.0,56.81061133792432,60.182885805251736,1315.8867194042,37.22747343797083,0,6,1,1,0,392,61.40356556792496,64.0567749992189,58.18273351082341,63.85706099745216,60.353087655068684,56.99528936951459,2.966834633769737,-0.041419653601454276,0.055357180090247704,1.0174055372089659,0.9640390536993015,1.058913610628146,0.04915795941917432
2024-01-29,153525.43506341742,13.0,76.84424922085752,82.59324378877916,1317.1749118096511,56.412846926318906,0,0,1,0,0,393,37.22747343797083,61.40356556792496,62.26843467337908,64.15762722759672,57.359479073232606,55.09317597240879,9.310964825433095,-0.39372456479274653,-0.40214534646257505,0.6490204241646158,1.0855822904855719,1.0411358223740597,0.162326523459976
2024-01-30,151014.56048288516,16.0,70.51029064033023,76.89057868131862,1318.9857415962963,68.20774972429557,0,1,1,0,0,394,56.412846926318906,37.22747343797083,56.81149814322969,64.63815371514592,56.5229665379383,54.53997737946036,9.055977682063048,0.5153552394662273,-0.0070170868563566025,0.9980517722553454,1.005104679088238,1.0363584521621882,0.16021766437160834
2024-01-31,144517.29739158117,16.0,62.6849997830264,62.01961338894005,1321.418898426777,56.96153092261409,0,2,1,0,0,395,68.20774972429557,56.412846926318906,62.75627543618892,48.79179712134886,58.15100247809057,54.79494852297105,10.082673183371526,0.20908185707028837,0.08686739692908874,1.172941941112607,1.0791950742351084,1.0612475063045748,0.17338777929357888
2024-02-01,155915.46188363648,17.0,71.32819416906608,65.46631936225903,1323.4757745475729,69.01418291307297,0,3,2,0,0,396,56.96153092261409,68.20774972429557,56.99233125471587,50.48206805187197,57.32318183329416,55.37850093734714,9.877340107194128,-0.16488183303422455,-0.0005404294125840314,0.9936910182039125,0.9942283284354233,1.035116170770804,0.17230969725161385
2024-02-02,168291.48949666164,17.0,66.8027538803451,67.42729991729779,1324.7899316832709,86.81789508049724,0,4,2,0,0,397,69.01418291307297,56.96153092261409,64.0567749992189,37.44691246245604,59.040589213059455,56.70222342743292,10.811218809988157,0.21159283810038731,0.07739084451120926,1.1689277467069623,1.0849616484696243,1.0412394019895739,0.1831150222937947
2024-02-03,116890.32061898951,16.0,61.67282319647824,60.33806573519436,1327.787417968255,57.463331094447774,0,5,2,1,0,398,86.81789508049724,69.01418291307297,61.40356556792496,46.088818011851714,62.292177796099224,60.22872218586444,15.13110216388246,0.2579717880576662,0.4138901263715511,1.393720658871134,0.9857347702454238,1.0342603252293316,0.24290533256697247
2024-02-04,122377.50524789385,15.0,63.95459705498698,65.84605477091282,1331.743450545869,59.53864008997611,0,6,2,1,0,399,57.463331094447774,86.81789508049724,37.22747343797083,58.18273351082341,61.729287157031045,61.04118740604987,15.242548583041195,-0.3381165134081173,0.5435732212714983,0.9308925105237122,0.6030763540694892,1.0112727124130776,0.24692571848863556
2024-02-05,156822.2893648225,15.0,68.82533192731474,67.21048586408887,1334.000355713088,52.96948177102279,0,0,2,0,0,400,59.53864008997611,57.463331094447774,56.412846926318906,62.26843467337908,64.9165966787461,61.13803787598935,11.010292071334776,0.03611536184906039,0.05540924335444064,0.9171559067493329,0.8690049973736323,1.0618037302803383,0.16960673594491715
2024-02-06,160910.4999081849,17.0,69.82678154087355,68.5749169572649,1335.3771010812995,65.2273544050347,0,1,2,0,0,401,52.96948177102279,59.53864008997611,68.20774972429557,56.81149814322969,64.42468737084666,60.47382695439247,11.51871781328574,-0.11033436956278919,-0.22340962742309778,0.8221922982119498,1.058720694004653,1.06533174127435,0.17879353836799788
2024-02-07,249061.69232653774,19.0,83.02394021879718,68.65203556142826,1336.2379326612563,100.27422556356527,1,2,2,0,0,402,65.2273544050347,52.96948177102279,56.96153092261409,62.75627543618892,63.99891661095224,61.0749595445214,11.410148324996042,0.23141386746052017,0.14511238284045191,1.0191946654589499,0.8900389872047642,1.047874891579738,0.17828658560516014
2024-02-08,163711.92237505896,19.0,57.205249689257336,61.054313425447845,1338.5443134462337,70.1482144401408,0,3,2,0,0,403,100.27422556356527,65.2273544050347,69.01418291307297,56.99233125471587,70.18644441680242,63.75481312504828,17.22170940331985,0.5373032752624627,0.4529509925498354,1.4286836496245126,0.983297893012389,1.100880717494053,0.24537087676145375
2024-02-09,161831.738114083,18.0,70.46778538005432,75.61638271506989,1341.5274153208866,57.99482693828914,0,4,2,0,0,404,70.1482144401408,100.27422556356527,86.81789508049724,64.0567749992189,70.34844892066924,64.69451906686434,17.214176303836755,-0.3004362382667035,-0.19200742686632022,0.9971536759715308,1.234112427672717,1.0873942636154592,0.2446987327787268
2024-02-10,120384.19972939,17.0,53.23835013607539,46.35623343893729,1344.007549518083,62.51696233908355,0,5,2,1,0,405,57.99482693828914,70.1482144401408,57.463331094447774,61.40356556792496,66.23086775749665,64.26152277679793,16.024227447536685,-0.1732529843966656,0.009249304447174866,0.8756464908573498,0.867621594584098,1.030645787644014,0.24194500223383994
2024-02-11,113700.07828246962,16.0,64.08824232540314,63.23709238649604,1346.105626445348,69.779987459687,0,6,2,1,0,406,62.51696233908355,57.99482693828914,59.53864008997611,37.22747343797083,66.9528150781589,64.34105111759497,15.673385778258314,0.07797480636689036,0.05002335029161786,0.933746583561915,0.8892626847799053,1.0405924975610121,0.2340959937227677
2024-02-12,163386.48205991482,14.0,77.28354686845478,77.88325595616118,1347.7342091239163,60.64217571809176,0,0,2,0,0,407,69.779987459687,62.51696233908355,52.96948177102279,56.412846926318906,68.41586470240331,66.66623069057471,15.34041201110717,0.11617687182575809,0.3173620946743052,1.019938690583206,0.7742280537040713,1.0262446818082362,0.22422302309318456
2024-02-13,164545.1825268476,17.0,62.82015790793866,71.25652110848525,1348.960478217742,71.74535368780802,0,1,2,0,0,408,60.64217571809176,69.779987459687,65.2273544050347,68.20774972429557,69.51196383769889,66.96832560427278,14.291016441482386,-0.13095175385169433,-0.07029533435421731,0.8723991147722874,0.9383615539525229,1.037982706159579,0.20559074513921075
2024-02-14,166229.755336235,19.0,62.9282985200048,62.88312657847282,1351.728279278802,66.88477163822165,0,2,2,0,0,409,71.74535368780802,60.64217571809176,100.27422556356527,56.96153092261409,70.44310659238079,67.22101160166652,14.177210997520149,0.18309333130347727,-0.28450852365518786,1.0184865085942716,1.4234781856484884,1.047932854831277,0.20125760607857085
2024-02-15,167126.45951235556,18.0,61.65373516995708,54.940224605756285,1354.55929657591,72.54280246098749,0,3,2,0,0,410,66.88477163822165,71.74535368780802,70.1482144401408,69.01418291307297,65.673184603046,67.9298145099242,5.314459334242328,-0.067747690961796,-0.046522107910585975,1.018448732804705,1.068140898970312,0.9667799783768213,0.08092282057532257
2024-02-16,159889.4316326485,19.0,62.77466499252262,68.31828922384878,1355.422712746558,70.5613391963886,0,4,2,0,0,411,72.54280246098749,66.88477163822165,57.99482693828914,86.81789508049724,66.01526860602408,68.18185876334667,5.71266830981077,0.08459370771825325,0.2508495376351152,1.0988791531534836,0.8785062632161577,0.9682233632725878,0.08653556109729246
2024-02-17,112300.66331705752,16.0,58.48027758213104,58.607410121576685,1358.794583929102,50.38410443567594,0,5,2,1,0,412,70.5613391963886,72.54280246098749,62.51696233908355,57.463331094447774,67.81048464289543,67.02067620019605,4.647349499826996,-0.02731440194448631,0.12867510762396672,1.0405668027293973,0.921936521591186,1.0117845490000752,0.06853437966563632
2024-02-18,123625.58728759404,15.0,66.26563603629033,62.06417553358047,1361.3538409058174,59.0529149344589,0,6,2,1,0,413,50.38410443567594,70.5613391963886,69.779987459687,59.53864008997611,66.07721922812293,66.51501715314092,8.002239582355958,-0.28595311526833034,-0.27795767425748497,0.7625034016902471,1.0560369863444277,0.9934180589022472,0.1211043635890499
2024-02-19,252696.37494520046,15.0,83.38865446650671,72.94220257409698,1364.573516621934,82.63647577170899,1,0,2,0,0,414,59.0529149344589,50.38410443567594,60.64217571809176,52.96948177102279,64.54478029594749,66.4803224991754,8.19966264212463,0.17205447225622916,-0.02620718608482786,0.9149138731852898,0.9395364805649394,0.9708854871567159,0.12703835390759638
2024-02-20,161826.05385377377,17.0,72.31753965469946,71.93140493548032,1365.599814423146,58.80339353611778,0,1,2,0,0,415,82.63647577170899,59.0529149344589,71.74535368780802,65.2273544050347,67.68682316074994,68.59939349922442,10.379297453863945,0.399363195930714,0.15180247255163692,1.2208650356577528,1.0599604226869896,0.9866971077742138,0.15334295464294542
2024-02-21,171132.6079020901,18.0,64.45295657311267,63.53864193579907,1366.6071550988138,68.35590637953192,0,2,2,0,0,416,58.80339353611778,82.63647577170899,66.88477163822165,100.27422556356527,65.83797171050848,68.14053915144463,10.684059651930308,-0.2884087446012622,-0.1208253822830685,0.8931531760224639,1.0158996381649783,0.9662085526529426,0.16227808017702058
2024-02-22,165498.69853717144,18.0,64.9856886314611,55.960720619673545,1368.5879796509996,68.81511126611645,0,3,2,0,0,417,68.35590637953192,58.80339353611778,72.54280246098749,70.1482144401408,66.04813381640994,65.86065920972797,10.722482703876175,0.1624483260059959,-0.05771621634975055,1.034940768645133,1.0983323565602987,1.0028465340148658,0.1623434620224217
2024-02-23,169861.18873625528,20.0,57.11917274808528,65.18066918290388,1371.090207192516,61.84731502724094,0,4,2,0,0,418,68.81511126611645,68.35590637953192,70.5613391963886,57.99482693828914,65.51560650285694,65.76543755444051,10.434878677110628,0.006717852354043652,-0.02474765856430239,1.0503621188810277,1.0770157365987543,0.9962011801202302,0.15927317526482174
2024-02-24,119251.51392564044,17.0,56.47771014593014,66.55654332313773,1374.6272958508575,69.23987609892811,0,5,2,1,0,419,61.84731502724094,68.81511126611645,50.38410443567594,62.51696233908355,64.27074590726441,66.04061527507993,10.250767098567138,-0.10125386867326547,0.22751641058143202,0.9622934066531573,0.7839352682848062,0.9732002895423755,0.15949351378865065
2024-02-25,127302.19169952796,15.0,67.69478818998242,72.41344050868346,1377.2921589819096,61.35773201732259,0,6,2,1,0,420,69.23987609892811,61.84731502724094,59.0529149344589,69.779987459687,66.9644275734433,66.52082340078312,8.281820992639062,0.11952921591553456,0.172505644738713,1.0339799593297383,0.8818549948730997,1.0066686512580805,0.12367493149338082
2024-02-26,172489.36336977282,14.0,81.06517349509335,74.1637104439506,1379.1980139604602,52.09479182177293,0,0,2,0,0,421,61.35773201732259,69.23987609892811,82.63647577170899,60.64217571809176,67.29368715670954,65.9192337263285,7.954196727039835,-0.11383821759507073,-0.25749819986480205,0.9117903121348716,1.2279974431965672,1.0208505674699928,0.1182012319895115
2024-02-27,164580.14340608372,17.0,62.25240392488305,63.79446547016886,1380.4769185943271,51.7754575912336,0,1,2,0,0,422,52.09479182177293,61.35773201732259,58.80339353611778,71.74535368780802,62.93058944957581,65.30870630516287,6.350385541295136,-0.15096614380946372,-0.11408528166362275,0.8278135049650973,0.9344166970378529,0.963586526358752,0.10091094961669617
2024-02-28,169570.2838038174,18.0,64.08800396779083,66.23779659808537,1383.5609190525026,65.58255383916365,0,2,2,0,0,423,51.7754575912336,52.09479182177293,68.35590637953192,66.88477163822165,61.92659860030665,63.88228515540756,7.553273202499316,-0.006129868637000047,-0.24256058717499607,0.8360778528368457,1.1038214260841615,0.9693860895811213,0.12197138827615044
2024-02-29,168373.5037983406,20.0,63.53839285956582,68.82468623546221,1384.889154711902,67.69709091453704,0,3,2,0,0,424,65.58255383916365,51.7754575912336,68.81511126611645,72.54280246098749,61.53040538025404,63.78926959833199,7.225450887254668,0.2666726068736438,-0.04697452881318609,1.0658560338399787,1.1183919696423805,0.9645886489639784,0.11742894984360717
2024-03-01,171374.52623012938,20.0,65.18608206737052,70.49056809748683,1388.29192955572,72.38844669098621,0,4,3,0,0,425,67.69709091453704,65.58255383916365,61.84731502724094,70.5613391963886,61.37068818717126,63.4431473450141,7.0477578787823125,0.03224237166120636,0.0945841526785689,1.1030850869403845,1.0077663597093134,0.9673336011126235,0.11483915346179145
2024-03-02,115666.06615767958,17.0,55.87043509593492,56.02547908285546,1390.1644218360348,57.65681619751602,0,5,3,1,0,426,72.38844669098621,67.69709091453704,69.23987609892811,50.38410443567594,62.87656413913487,63.57365502319965,8.198735058251605,0.06929922265598809,0.04547337126310724,1.151278662918082,1.1012032391864215,0.9890349094477832,0.13039413286179624
2024-03-03,122347.72583999374,17.0,61.90895061562523,64.93713827456799,1393.536887494129,44.98575965493164,0,6,3,1,0,427,57.65681619751602,72.38844669098621,61.35773201732259,59.0529149344589,61.221841296076,64.09313443475966,7.862387413051093,-0.20350803431874953,-0.060317024409600406,0.9417687377071999,1.002219644466252,0.9552012370122677,0.12842454990903762
2024-03-04,170457.69794739835,16.0,68.0255062532519,71.70680702567773,1396.1800325261763,59.100583437406826,0,0,3,0,0,428,44.98575965493164,57.65681619751602,52.09479182177293,82.63647577170899,58.88298810144873,63.088337629079135,9.96830858191,-0.21976684420410775,-0.13646339525000428,0.7639856791477067,0.8847171908466923,0.9333418871748486,0.16929012781647104
2024-03-05,159297.04205430753,17.0,66.25918475795415,75.28645941709716,1398.1704361346224,61.264364807066855,0,1,3,0,0,429,59.100583437406826,44.98575965493164,51.7754575912336,58.80339353611778,59.883815475110715,61.407202462343264,9.514543314323353,0.3137620413825295,0.14147872731526556,0.986920806039331,0.864598509304285,0.9751920470865493,0.15888338508219882
2024-03-06,161706.9659493369,17.0,68.90026724258294,73.64274649318997,1399.8549190371614,68.95341185113989,0,2,3,0,0,430,61.264364807066855,59.100583437406826,65.58255383916365,68.35590637953192,61.23937364880118,61.582986124553905,8.8171886111724,0.036611844482917544,-0.06584356325444163,1.000408089710535,1.0709213685833885,0.9944203342939922,0.14397907891314635
2024-03-07,158391.0712889596,19.0,63.43855531503983,69.69612768890946,1401.6821927352848,62.66918275034708,0,3,3,0,0,431,68.95341185113989,61.264364807066855,67.69709091453704,68.81511126611645,61.720924793369214,61.62566508681162,9.178569430265897,0.12550602733395366,0.01855797523395597,1.1171804713228741,1.0968256088380883,1.0015457797724925,0.14871082150816972
2024-03-08,165578.37266222178,17.0,65.60917035747984,67.90646942563068,1404.1248460891848,77.59553593399554,0,4,3,0,0,432,62.66918275034708,68.95341185113989,72.38844669098621,61.84731502724094,61.00265219848494,61.186670192828096,8.822792865815558,-0.09113731912729017,-0.13426540262880615,1.0273189851883773,1.1866442536867938,0.9969925149748592,0.14462966031556707
2024-03-09,122940.24902318385,16.0,61.14156844235066,70.96555047989804,1406.286571286159,43.50072656244124,0,5,3,1,0,433,77.59553593399554,62.66918275034708,57.65681619751602,69.23987609892811,61.7465220903434,62.31154311473914,10.073596852176815,0.23817692410494673,0.3458172173117411,1.2566786485636052,0.9337662146081104,0.9909323217472672,0.16314436038094257
2024-03-10,126157.2682083841,16.0,61.79124719939666,66.48181173931481,1407.911522159704,69.51606212708043,0,6,3,1,0,434,43.50072656244124,77.59553593399554,44.98575965493164,61.35773201732259,59.72422357104701,60.47303243356151,12.223063188696946,-0.439391376851319,-0.03301118184691154,0.7283598506842612,0.7532246878256572,0.9876174745604634,0.2046583857914298
2024-03-11,167276.3791216791,17.0,66.1551924322423,63.618714394926,1409.8790170314498,62.49825477612684,0,0,3,0,0,435,69.51606212708043,43.50072656244124,59.100583437406826,52.09479182177293,63.2285524956397,61.05577029854421,10.716927245467778,0.5980437022654461,0.1762330942249426,1.0994409864415973,0.934713529010212,1.0355868443960536,0.169495059153961
2024-03-12,173602.46218228515,18.0,66.05181301917708,74.85830026596761,1412.0418786552254,73.93062169617532,0,1,3,0,0,436,62.49825477612684,69.51606212708043,61.264364807066855,51.7754575912336,63.71393411545684,61.79887479528378,10.574806668865556,-0.10095231427413887,0.020140418870671972,0.9809197257051017,0.9615536327744088,1.030988579104667,0.16597321787888364
2024-03-13,161675.59416714043,19.0,70.29296268141209,74.72388650782482,1412.4388913796934,69.13792446922841,0,2,3,0,0,437,73.93062169617532,62.49825477612684,68.95341185113989,65.58255383916365,65.52339938532948,63.38138651706533,11.153627062444558,0.1829229785855626,0.0721822127638947,1.128308701772396,1.0523479016349444,1.0337956139171462,0.17022357153438267
2024-03-14,160490.47024257938,19.0,65.96687052814387,65.55827631687269,1414.9054258715244,77.53251897217098,0,3,3,0,0,438,69.13792446922841,73.93062169617532,62.66918275034708,67.69709091453704,65.5497583307707,63.63534156206996,11.16329791770828,-0.06482695690891038,0.1032204575676472,1.0547395784489617,0.9560551304264473,1.0300841752665604,0.17030265560060726
2024-03-15,167189.80920441353,19.0,63.53154652020612,63.42777237916869,1416.2216488917509,65.80054047711229,0,4,3,0,0,439,77.53251897217098,69.13792446922841,77.59553593399554,72.38844669098621,67.67309207674553,64.33787213761524,11.912488796315465,0.12141808663461973,-0.0008121209688939368,1.1456919817442985,1.1466231784709546,1.0518391396593976,0.17602991722036218
2024-03-16,122150.66179575722,17.0,62.96796768708289,66.85725187537014,1417.3989829691864,52.26055680148173,0,5,3,1,0,440,65.80054047711229,77.53251897217098,43.50072656244124,57.65681619751602,65.98809272576223,63.86730740805281,11.080172483896336,-0.15131687517169,0.5126308380771929,0.9971577864899145,0.6592208497861045,1.033206117554942,0.16791169476505502
2024-03-17,120561.3810076236,16.0,59.8271610801181,65.17765284043242,1418.149107491498,69.99570137979423,0,6,3,1,0,441,52.26055680148173,65.80054047711229,69.51606212708043,44.98575965493164,67.23949704562514,63.481860308336074,8.25048331739922,-0.20577313768935135,-0.248223285347412,0.7772300373695612,1.0338575566665904,1.0591922908219442,0.12270293027029756
2024-03-18,159466.23159984048,15.0,74.55010304981683,75.6265437680095,1418.8139934932033,58.22148090314284,0,0,3,0,0,442,69.99570137979423,52.26055680148173,62.49825477612684,59.100583437406826,67.30801693886997,65.26828471725483,8.27449795813716,0.3393600386938407,0.11996249544125304,1.0399311191022795,0.928541021092459,1.0312515064621561,0.12293480530933139
2024-03-19,167487.51984194884,17.0,69.14868725536476,71.87549317150624,1419.8296354907136,66.0881052714902,0,1,3,0,0,443,58.22148090314284,69.99570137979423,73.93062169617532,61.264364807066855,66.69704924272939,65.20549167909311,8.828195862704312,-0.16821347946447285,-0.2124849004731847,0.8729243881728326,1.1084541600501834,1.0228747230521156,0.13236261518221015
2024-03-20,162734.12199798058,18.0,64.96201377681791,75.46939789433624,1421.3624187246091,76.15658328390182,0,2,3,0,0,444,66.0881052714902,58.22148090314284,69.13792446922841,68.95341185113989,65.57668975348868,65.55004456940908,8.234905967552114,0.13511549768777376,-0.04411210231073104,1.0077987394594634,1.0543064117619672,1.0004064861321549,0.12557672548748952
2024-03-21,170738.69019532014,19.0,67.02891983766527,73.98085163130665,1425.0250260346304,60.90606294393413,0,3,3,0,0,445,76.15658328390182,66.0881052714902,77.53251897217098,62.66918275034708,66.57935529844201,66.06455681460635,9.120457269380596,0.15234932172817284,-0.01774656242966932,1.1438468117110758,1.1645129128185667,1.0077923550638554,0.1369862659152847
2024-03-22,169634.3929843874,18.0,60.18435927959701,64.10066538000272,1426.7043222939144,71.54341012308196,0,4,3,0,0,446,60.90606294393413,76.15658328390182,65.80054047711229,77.59553593399554,64.20414729440817,65.93861968557685,7.872098460753889,-0.20025216051402595,-0.07438354605735542,0.9486312880171015,1.024864331199414,0.9736956521164778,0.12261043550125157
2024-03-23,117399.2008546906,17.0,54.88810536454362,63.61703719547232,1428.9465223789286,55.997110076991774,0,5,3,1,0,447,71.54341012308196,60.90606294393413,52.26055680148173,43.50072656244124,65.0245572438324,65.50632498479732,8.350892221130133,0.17465169582443418,0.3689752750788431,1.100252168650758,0.8037049234416533,0.9926454775004289,0.128426744834502
2024-03-24,119181.01233065322,15.0,57.53911543291801,55.86867282869672,1431.3669074881338,55.18105933839296,0,6,3,1,0,448,55.997110076991774,71.54341012308196,69.99570137979423,69.51606212708043,65.55835056890528,66.3989238072652,7.472225830747204,-0.21729884023342771,-0.1999921570447103,0.8541567869090279,1.0676855163740744,0.987340559301837,0.11397824633939654
2024-03-25,164255.14591244422,14.0,73.5227601017575,75.80784333114005,1433.5717596371064,57.75967391115874,0,0,3,0,0,449,55.18105933839296,55.997110076991774,58.22148090314284,62.49825477612684,63.44197313441938,65.37499503664468,8.079291121355457,-0.014573086673165925,-0.05222164599021306,0.8697878803592161,0.9177123287099618,0.9704317851016007,0.12734930397321095
2024-03-26,168349.28361090733,17.0,74.74254793160361,83.84057009394846,1435.6098048685255,52.388007712142375,0,1,3,0,0,450,57.75967391115874,55.18105933839296,66.0881052714902,73.93062169617532,63.37600070699308,65.03652497486124,8.130746059856836,0.04673006650620204,-0.1260201261046634,0.9113808581611144,1.0427938736152826,0.9744678199133486,0.12829377002578307
2024-03-27,172528.56928200496,20.0,73.15269565442284,72.43192704657642,1436.7535698576464,65.37287171596508,0,2,3,0,0,451,52.388007712142375,57.75967391115874,76.15658328390182,69.13792446922841,61.41884391280053,63.49776683314461,8.974235610958829,-0.09300028610408417,-0.31210139093495426,0.8529631034169302,1.239954685438645,0.9672599049694623,0.14611534570237122
2024-03-28,164873.09581465783,20.0,65.70467203817482,63.32556798744444,1440.0143118962694,81.86345701041428,0,3,3,0,0,452,65.37287171596508,52.388007712142375,60.90606294393413,77.53251897217098,59.87831368880957,63.2288344936258,6.646329429423078,0.24785947339648673,0.0733393123135011,1.0917620702498567,1.017163964577657,0.9470096067458906,0.11099727129866026
2024-03-29,170940.1860620714,18.0,68.67498321553866,66.67954212946563,1442.1641270760756,73.97595229154274,0,4,3,0,0,453,81.86345701041428,65.37287171596508,71.54341012308196,65.80054047711229,62.872227126878165,63.53818721064317,10.681665006948805,0.2522542587099159,0.14424874170210655,1.3020607150628083,1.1379175415355507,0.9895187427749992,0.169894808806325
2024-03-30,119582.0095265102,16.0,53.78629659079738,52.58087208592597,1444.3139422558818,58.08009542302037,0,5,3,1,0,454,73.97595229154274,81.86345701041428,55.997110076991774,52.26055680148173,63.219733150944,64.1221451973882,11.04419741195548,-0.09634951914952883,0.3210673227570391,1.170140217373539,0.8857536608592221,0.985926670986033,0.17469541330689034
2024-03-31,118609.30867095062,16.0,58.64909172823145,57.995463841946645,1445.5947193831726,60.45714717727203,0,6,3,1,0,455,58.08009542302037,73.97595229154274,55.18105933839296,69.99570137979423,63.517302486090934,64.5378265274981,10.843396901546697,-0.2148787055268453,0.05253679649115317,0.9143980167567537,0.868756341635833,0.9841871953811097,0.17071563931609332
2024-04-01,168819.87856018177,15.0,68.45779633243356,67.91369657299671,1447.4708711092712,57.47081887909187,0,0,4,0,0,456,60.45714717727203,58.08009542302037,57.75967391115874,58.22148090314284,64.27102932021651,63.85650122731795,10.33900712431662,0.04092713238397172,0.04670167061992636,0.9406593891013844,0.8986891064616944,1.0064915566141484,0.1608657467239983
2024-04-02,165215.0307103225,17.0,64.81129687582174,59.82120240476419,1448.7992408733428,75.02689538243663,0,1,4,0,0,457,57.47081887909187,60.45714717727203,52.388007712142375,66.0881052714902,64.22976431563553,63.80288251131431,10.36985698291216,-0.04939578590143634,0.09702241770441322,0.8947692629957491,0.8156344378705668,1.0066906350860485,0.16144940112115297
2024-04-03,167249.4027786113,19.0,64.04970145127669,66.31785283076938,1451.3040133161076,67.32780278791573,0,2,4,0,0,458,75.02689538243663,57.47081887909187,65.37287171596508,76.15658328390182,67.46389112567758,64.44136751923905,9.55978913060316,0.3054780990728452,0.1476762977220396,1.1121044773813897,0.9690053542002615,1.0469034678001852,0.14170230876239198
2024-04-04,164780.4884296446,18.0,63.8221522989118,70.56910770806267,1452.8213955541823,68.30476164060474,0,3,4,0,0,459,67.32780278791573,75.02689538243663,81.86345701041428,60.90606294393413,67.7431669930991,63.81074034095433,9.516981332707358,-0.10261776867183581,-0.1775597409800247,0.9938685446278932,1.208438587153057,1.0616264069517602,0.14048621809601608
2024-04-05,177538.90053166557,19.0,58.32603843579593,71.86719145006674,1456.6534404084275,78.8438096290629,0,4,4,0,0,460,68.30476164060474,67.32780278791573,73.97595229154274,71.54341012308196,65.80621051169773,64.33921881928795,7.281343713236355,0.014510481736147662,-0.07666262447812189,1.0379683180277166,1.1241484917049396,1.022800893752381,0.11064827554447952
2024-04-06,122388.41420788692,17.0,63.211069467327455,73.16527519207081,1459.7058792839025,54.88010178498493,0,5,4,1,0,461,78.8438096290629,68.30476164060474,58.08009542302037,55.997110076991774,66.50161870277203,64.86067592685801,8.346226290486046,0.15429448453258465,0.3575013789976096,1.1855923384580171,0.8733636346899835,1.025299501623518,0.12550410731788914
2024-04-07,119526.21796802964,15.0,58.08847781319766,64.0247426931961,1461.975938508408,68.7570493891964,0,6,4,1,0,462,54.88010178498493,78.8438096290629,60.45714717727203,55.18105933839296,66.04447675448127,64.7808896202861,8.950155581001612,-0.3039389897167605,-0.09224790868702626,0.8309567201054582,0.9154005020286556,1.0195055539002582,0.13551709424958575
2024-04-08,170859.91964293687,16.0,70.94845407250578,76.9116661861249,1464.8975275190642,50.04531104077573,0,0,4,0,0,463,68.7570493891964,54.88010178498493,57.47081887909187,57.75967391115874,67.23017707047046,65.75060319534349,8.630665398871782,0.2528593634643763,0.19638193313111985,1.0227111155326196,0.8548366430576427,1.0225028182742475,0.12837487234081127
2024-04-09,169662.6878012367,16.0,78.07764421242429,74.17294260067874,1467.8822478585498,75.24222696061634,0,1,4,0,0,464,50.04531104077573,68.7570493891964,75.02689538243663,52.388007712142375,66.1693902364253,65.19957727603041,10.32091709881474,-0.2721428350205032,-0.332968387060688,0.7563211760296153,1.1338610664895534,1.014874528346849,0.1559772133601017
2024-04-10,169336.12160186708,19.0,61.35319052316438,68.35517855386459,1469.5310898681032,66.11343658595085,0,2,4,0,0,465,75.24222696061634,50.04531104077573,67.32780278791573,65.37287171596508,66.20015189045095,66.83202150806427,10.351991140358312,0.5034820524806163,0.11755060829225683,1.136586923321994,1.017033962389253,0.9905454061787271,0.1563741297374808
2024-04-11,172784.6668001737,19.0,55.41933182171602,53.875795955396256,1470.97811607247,67.40265591599915,0,3,4,0,0,466,66.11343658595085,75.24222696061634,68.30476164060474,81.86345701041428,66.02667100445598,66.88491899877754,10.340112645205114,-0.121325361348538,-0.032081585558908166,1.0013140989871958,1.034502582085276,0.9871682883500652,0.15660508833630707
2024-04-12,173466.03084018925,20.0,63.21512214911899,70.02333522347773,1473.1406305228452,56.57888066776426,0,4,4,0,0,467,67.40265591599915,66.11343658595085,78.8438096290629,73.97595229154274,65.89779875808377,65.85200463489075,10.312572894548632,0.019500110667704407,-0.14511162977652958,1.022836228011801,1.1964558925329964,1.0006954097061573,0.1564934351207532
2024-04-13,120669.67540955788,18.0,63.231792517627255,66.44463071306946,1475.9299394224438,59.653405177357165,0,5,4,1,0,468,56.57888066776426,67.40265591599915,54.88010178498493,58.08009542302037,62.71709462075538,64.60935666176371,9.004812079015728,-0.16058380936389305,0.030954368296089996,0.902128534650587,0.8750421574347466,0.9707122599762987,0.14357827213564364
2024-04-14,120566.16703742128,16.0,68.99666895973755,72.96359126771397,1478.1411877413666,50.35955335574764,0,6,4,1,0,469,59.653405177357165,56.57888066776426,68.7570493891964,60.45714717727203,63.39899510537998,64.72173592993063,8.477742052687914,0.054340497254563136,-0.13240306692494086,0.9409203580940517,1.0845132367620403,0.9795626491541778,0.13372044838560068
2024-04-15,169659.79321139344,15.0,68.84544454701917,62.600422244130826,1478.9795905556136,55.04821870099185,0,0,4,0,0,470,50.35955335574764,59.653405177357165,50.04531104077573,57.47081887909187,60.770781386315875,64.00047922839317,9.346999570572315,-0.1557975071829968,0.006279155997569452,0.8286803659083345,0.8235094217834878,0.9495363490865163,0.15380746071297077
2024-04-16,161660.31534105766,17.0,68.69422013430079,65.48002689605761,1480.4373310004532,62.84405693201214,0,1,4,0,0,471,55.04821870099185,50.35955335574764,75.24222696061634,75.02689538243663,61.48548248063247,63.82743635852888,8.54726887967295,0.09310379129303947,-0.2683866370700927,0.8953043300641202,1.2237397174905011,0.9633080378672695,0.13901279675841016
2024-04-17,164915.2357512058,19.0,62.5160057251974,67.99894567142486,1482.4781527095774,76.44879647361407,0,2,4,0,0,472,62.84405693201214,55.04821870099185,66.11343658595085,67.32780278791573,59.714315333689,62.95723361206999,6.17755758403011,0.14161835596107708,-0.04945106203469474,1.0524119146444844,1.107162264467121,0.9484901401741505,0.1034518699495985
2024-04-18,176551.4970697781,19.0,65.67348940930842,62.79705150632573,1484.5176202261168,71.28666477573573,0,3,4,0,0,473,76.44879647361407,62.84405693201214,67.40265591599915,68.30476164060474,61.1907953176409,63.60873316104845,8.6872268344999,0.21648410694300368,0.13421044667570237,1.2493512476307753,1.101516258550204,0.9619873290466945,0.14196950357328383
2024-04-19,177771.87085400513,19.0,76.8550480001607,78.80006986062418,1488.1956539675489,72.1779379300724,0,4,4,0,0,474,71.28666477573573,76.44879647361407,56.57888066776426,78.8438096290629,61.745653726174694,63.82172624212922,9.255554669954886,-0.06752404139756496,0.2599518395271332,1.1545211763709369,0.9163216721079077,0.9674707558351172,0.14989807559574594
2024-04-20,122339.8558417745,18.0,53.0766690417702,50.62564620111493,1489.1868636136294,54.65802443861372,0,5,4,1,0,475,72.1779379300724,71.28666477573573,59.653405177357165,54.88010178498493,63.974090477933,63.34559254934419,9.672704300149716,0.012502663115753432,0.20995503467871135,1.1282370314427403,0.9324619503255588,1.009921730988612,0.1511972148081759
2024-04-21,125719.98785222306,16.0,63.08290077378226,69.70719168235915,1491.6913350070984,52.01343643204367,0,6,4,1,0,476,54.65802443861372,72.1779379300724,50.35955335574764,68.7570493891964,63.260464658112504,63.329729881746246,10.213742239226473,-0.24273225301105672,0.08535562363909421,0.8640155385201458,0.7960667634661382,0.9989062763450424,0.16145537808528673
2024-04-22,172761.00061817415,15.0,74.21761864711475,68.21147834384925,1494.982625493761,74.53474553753092,0,0,4,0,0,477,52.01343643204367,54.65802443861372,55.04821870099185,50.04531104077573,63.49673366901194,62.13375752766392,9.879225284606731,-0.04838425892139919,-0.055129527177479876,0.8191513708905562,0.8669456761026563,1.0219361615260623,0.15558635403364143
2024-04-23,183939.52323382092,17.0,74.7312506764824,77.54650022958354,1498.899785290099,59.67919389678488,0,1,4,0,0,478,74.53474553753092,52.01343643204367,62.84405693201214,75.24222696061634,66.28052321708894,63.883002848860706,9.84723704441084,0.4329902165743593,0.1860269558689751,1.1245346584456928,0.948152698284814,1.0375298633644456,0.14856909038207397
2024-04-24,176210.2996457383,21.0,63.95812851797017,69.29465748260615,1500.6762673515518,87.4713260625877,0,2,4,0,0,479,59.67919389678488,74.53474553753092,76.44879647361407,66.11343658595085,65.8283999263422,62.7713576300156,10.100707932527056,-0.1993104227244693,-0.21935731300383698,0.9065873386496118,1.1613345692612218,1.0487012295376068,0.1534399733827513
2024-04-25,171328.32963407694,19.0,66.55741292578158,64.76207124847738,1503.169410913728,67.31958002430714,0,3,4,0,0,480,87.4713260625877,59.67919389678488,71.28666477573573,67.40265591599915,67.40304701048129,64.2969211640611,12.585789865756336,0.465692150833493,0.22703630949446318,1.2977354873732305,1.0576178368412712,1.048309091480361,0.18672434591568574
2024-04-26,168125.8382375983,19.0,63.28523436815824,68.53832032995024,1505.7252191994871,69.05375317697472,0,4,4,0,0,481,67.31958002430714,87.4713260625877,72.1779379300724,56.57888066776426,66.83632061742006,64.29098717179738,12.470557775743135,-0.23038116541026865,-0.06731084379928043,1.007230490883143,1.0799208763035966,1.0395908284752429,0.18658354709748698
2024-04-27,117454.5347189697,17.0,60.48082454945486,64.68687095623167,1507.9816045847294,69.34376701178688,0,5,4,1,0,482,69.05375317697472,67.31958002430714,54.65802443861372,59.653405177357165,66.39000850983469,65.18204949388384,12.302294078670792,0.025760308546806554,0.263378138639621,1.0401226739825684,0.8232869021325243,1.0185320809230491,0.1853033966225263
2024-04-28,124771.93454346886,16.0,60.52875887076164,60.72879781564563,1510.002528423738,69.18038726776388,0,6,4,1,0,483,69.34376701178688,69.05375317697472,52.01343643204367,50.35955335574764,68.4879717345737,65.87421819634311,11.16806256535842,0.004199827257309163,0.33318949426434363,1.0124955558697202,0.7594535962259567,1.0396779439634503,0.1630660433140061
2024-04-29,169246.59701886278,15.0,74.17511538192528,69.29731888515919,1512.4513087353382,59.01880050648918,0,0,4,0,0,484,69.18038726776388,69.34376701178688,74.53474553753092,55.04821870099185,70.94039328253373,67.21856347577283,8.517846504805496,-0.0023560840586470677,-0.07183707720677646,0.9751903544182466,1.050667216358415,1.0553690768488728,0.12007047199303698
2024-04-30,166690.9851616093,18.0,64.53016592568883,56.811004282188165,1512.5255118671623,63.52740939589506,0,1,4,0,0,485,59.01880050648918,69.18038726776388,59.67919389678488,62.84405693201214,68.72382970667063,67.50217646187978,9.3997799802309,-0.14688536972110466,-0.011065722359418162,0.8587821831000283,0.8683915630358441,1.018097983040306,0.13677613748173462
2024-05-01,169901.7084630299,19.0,66.62273372265959,70.04643721462614,1515.1711674592127,68.72319064954584,0,2,5,0,0,486,63.52740939589506,59.01880050648918,87.4713260625877,76.44879647361407,69.27357477797209,67.55098735215714,8.880850106355519,0.07639275706577875,-0.27373446527562906,0.9170511208567771,1.2626939831377406,1.0255005514106663,0.1281996798175845
2024-05-02,168269.80798554243,19.0,64.75605853502387,58.98083297120882,1517.372109782142,71.75840501831566,0,3,5,0,0,487,68.72319064954584,63.52740939589506,67.31958002430714,71.28666477573573,66.5952697189661,66.9991583647237,3.918939835757995,0.08178802351708225,0.020849961106885972,1.031953034195366,1.0108763026022367,0.9939717355319756,0.05884712010771983
2024-05-03,179452.56654029025,19.0,71.03031072560665,72.30096957769186,1519.2941298647197,76.99180645208855,0,4,5,0,0,488,71.75840501831566,68.72319064954584,69.05375317697472,72.1779379300724,67.22938757525303,67.03285409633655,4.386858008664014,0.04416579527350373,0.03916734017931378,1.0673666324565738,1.0271364304736466,1.0029318978218358,0.0652520894044081
2024-05-04,127951.1990277978,19.0,58.70776588406885,60.64897162684384,1523.0316196212952,66.18998277699765,0,5,5,1,0,489,76.99180645208855,71.75840501831566,69.34376701178688,54.65802443861372,68.36339518598358,67.37670184790913,5.7509685963723,0.07293084945850059,0.11029166383478528,1.126213907934667,1.014340595915931,1.0146444291722936,0.08412350762753532
2024-05-05,124470.50943473353,15.0,56.21306273920866,63.36616406855791,1524.591672406263,61.64182067899751,0,6,5,1,0,490,66.18998277699765,76.99180645208855,69.18038726776388,52.01343643204367,67.91285458101369,68.20041315779369,5.784800824925916,-0.1402983534593749,-0.0432261889369282,0.9746311384693628,1.0186641055595467,0.9957836241238791,0.08517976251499175
2024-05-06,178947.7765555601,16.0,76.4588342569358,74.65683990809931,1526.369211615011,76.02533416573937,0,0,5,0,0,491,61.64182067899751,66.18998277699765,59.01880050648918,74.53474553753092,66.8359164969042,68.88815488971896,6.196560620397961,-0.06871375255261014,0.04444380688861904,0.9222858593081867,0.8830401915596219,0.9702091252683408,0.09271303432616178
2024-05-07,173445.47323059046,18.0,63.43957325651446,64.1044196734761,1530.0624542567743,70.18359885231764,0,1,5,0,0,492,76.02533416573937,61.64182067899751,63.52740939589506,59.67919389678488,69.26542130536852,68.99462550601957,5.94985742851369,0.2333401792533778,0.19673279437476765,1.0975943368707541,0.9171590701199023,1.0039248825160347,0.08589938985980783
2024-05-08,176444.98476983455,20.0,61.22910803652389,67.6426399506606,1531.4968052128947,73.97288854871891,0,2,5,0,0,493,70.18359885231764,76.02533416573937,68.72319064954584,87.4713260625877,70.21630551342888,69.74494014570048,5.385069241466451,-0.07683932438476915,0.02125058788697931,0.9995342013386765,0.97873549664903,1.0067584166929342,0.07669257449662537
2024-05-09,179444.49630907862,19.0,64.14227163033989,67.9891074496925,1533.1567129865452,57.72013728015614,0,3,5,0,0,494,73.97288854871891,70.18359885231764,71.75840501831566,67.31958002430714,70.9662623561679,68.780766037567,5.5066520629569835,0.053991099891796734,0.030860266889126464,1.0423669796425412,1.01116224295669,1.0317748179397597,0.07759535137020476
2024-05-10,175615.64017473863,20.0,70.15875242730488,72.70778172775779,1535.139092647801,50.85542496897865,0,4,5,0,0,495,57.72013728015614,73.97288854871891,76.99180645208855,69.05375317697472,68.96079553643082,68.09509155584193,7.400657189640899,-0.2197122700955314,-0.25030805302542214,0.8369992954861369,1.1164576315163748,1.012713162737713,0.10731687666989365
2024-05-11,120819.97538269416,18.0,50.308708257784026,57.59330455526985,1537.9116802335045,66.45710968290767,0,5,5,1,0,496,50.85542496897865,57.72013728015614,66.18998277699765,69.34376701178688,65.22702675312941,66.79521096955649,9.076879629024152,-0.11893097685922405,-0.23167490252540246,0.7796679919422934,1.0147631445399594,0.9765225052265825,0.13915826124312294
2024-05-12,124285.36528766555,16.0,74.36711339584367,66.8158301006394,1540.1779222393868,58.23475552418181,0,6,5,1,0,497,66.45710968290767,50.85542496897865,61.64182067899751,69.18038726776388,65.26518773968799,66.58902116035084,9.082162817694947,0.3067850622317265,0.07811724168541345,1.0182627520811507,0.9444823927398727,0.9801193440360841,0.13915784405492565
2024-05-13,170281.52698646096,16.0,74.11416715089699,78.07527712065252,1541.2438219616652,58.187628807211205,0,0,5,0,0,498,58.23475552418181,66.45710968290767,76.02533416573937,59.01880050648918,64.7784641461429,65.80719032152355,9.39462592804578,-0.12372422150102325,-0.23400855565821166,0.8989832700077882,1.173620510579304,0.9843675718359276,0.14502699395359414
2024-05-14,168360.80107614264,19.0,65.77951575658685,70.68595657533749,1542.9180871111637,71.02912317775825,0,1,5,0,0,499,58.187628807211205,58.23475552418181,70.18359885231764,63.52740939589506,62.23022052349601,65.74782091443225,8.17563641021451,-0.0008092541394980612,-0.1709226976283833,0.9350381264556429,1.1278057230380327,0.946498601139736,0.13137726881632483
2024-05-15,177704.71019012656,19.0,66.04817113311691,62.755121263611045,1544.5322035645936,69.27165065618004,0,2,5,0,0,500,71.02912317775825,58.187628807211205,73.97288854871891,68.72319064954584,62.35100971284466,66.28365761313678,8.317737223870044,0.22069114404186885,-0.03979519292425471,1.1391816027499848,1.186394396648882,0.9406694192519528,0.13340180475307592
2024-05-16,181745.6665618805,19.0,68.00728480058359,68.18542547209587,1546.5704267284154,79.06963399135171,0,3,5,0,0,501,69.27165065618004,71.02912317775825,57.72013728015614,71.75840501831566,61.67940429962482,66.32283332789636,7.357290508122826,-0.024742984890577024,0.20012969338510644,1.1230920830505071,0.9358089290189081,0.9299874749723871,0.1192827750472872
2024-05-17,168621.72970472343,20.0,65.76336296945834,67.41415393742852,1549.011101655319,72.09722666274764,0,4,5,0,0,502,79.06963399135171,69.27165065618004,50.85542496897865,76.99180645208855,64.72933240122418,66.84506396882752,9.542957308495193,0.14144290257788938,0.5547925130816125,1.2215425535557711,0.785662744885916,0.9683487240196227,0.14742863790627808
2024-05-18,127765.15694676228,19.0,61.46670297134919,63.50087845507068,1551.4456662600296,60.18914669707158,0,5,5,1,0,503,72.09722666274764,79.06963399135171,66.45710968290767,66.18998277699765,67.76387550033404,66.49545112673174,7.569121490399372,-0.08818059445382886,0.08486852658430566,1.0639478059721104,0.9807158931247973,1.0190753555635685,0.11169847406915297
2024-05-19,122988.46972351268,15.0,65.16917870844313,68.86939686112505,1553.2608379534345,64.5264621220241,0,6,5,1,0,504,60.18914669707158,72.09722666274764,58.23475552418181,61.64182067899751,66.86845221664318,66.06681997816558,8.101501922083175,-0.16516696295932454,0.033560562851134845,0.9001127542487194,0.8708853516679351,1.0121336586011334,0.12115581643546337
2024-05-20,172591.49846494122,17.0,68.87165444553705,77.25415746558556,1555.076009646839,63.04976423063539,0,0,5,0,0,505,64.5264621220241,60.18914669707158,58.187628807211205,76.02533416573937,67.76726744490635,66.27286579552462,7.292634614059522,0.07206142075384414,0.10893781796496449,0.9521774236283472,0.8586391483840893,1.0225492232973974,0.10761293599433253
2024-05-21,172278.42430304454,19.0,64.67629706976763,72.14987129417824,1557.378064723637,73.58632986881912,0,1,5,0,0,506,63.04976423063539,64.5264621220241,71.02912317775825,70.18359885231764,68.46185821968125,65.34603937158863,6.4057693191644605,-0.022885151964416872,-0.11233925733749561,0.9209473109584688,1.0374992006474486,1.0476818316466678,0.09356698000526877
2024-05-22,171300.03692128073,19.0,64.71593549400176,60.21165242804437,1560.5856903617118,65.48676603806712,0,2,5,0,0,507,73.58632986881912,63.04976423063539,69.27165065618004,73.97288854871891,68.82717346126137,65.58909158705302,6.645028933468795,0.16711506802215914,0.06228636349456096,1.069146474687594,1.0064578737229248,1.0493692136277053,0.09654659052952215
2024-05-23,175058.08651177931,20.0,63.803071908354255,69.15280747821365,1563.0410490235445,66.68389861578667,0,3,5,0,0,508,65.48676603806712,73.58632986881912,79.06963399135171,57.72013728015614,68.28647565867381,64.98293997914932,6.755895451873773,-0.11006886530678905,-0.17178361992633262,0.9590005254539583,1.1579105998466948,1.0508369686041363,0.09893460435185943
2024-05-24,260429.61672139738,20.0,84.10487660183716,76.55582552897614,1566.022107389733,100.53363719659768,1,4,5,0,0,509,66.68389861578667,65.48676603806712,72.09722666274764,50.85542496897865,66.51708489073594,65.62320864598007,4.799813952349885,0.01828052674068026,-0.0750837209353854,1.002507832766946,1.0838903536013025,1.0136213431680565,0.07215911461294917
2024-05-25,127139.42730311934,18.0,62.21164899108214,66.70336179631173,1568.495343638893,63.93118101096389,0,5,5,1,0,510,100.53363719659768,66.68389861578667,60.18914669707158,66.45710968290767,70.57942925271452,69.17165237652428,13.83653762349054,0.5076148708077703,0.6702951065675933,1.424404224588301,0.8527859651791768,1.0203519336003026,0.19604207302311644
2024-05-26,125934.40756220346,16.0,50.34402521409213,60.730122297203536,1571.6723242438554,62.9748424093336,0,6,5,1,0,511,63.93118101096389,100.53363719659768,64.5264621220241,58.23475552418181,71.11400558327057,68.99122889995688,13.43465339190112,-0.3640816865509021,-0.009225379657953225,0.8989956406843658,0.9073664405876727,1.030768790716743,0.18891712373267858
2024-05-27,174340.20781253433,16.0,73.22597335991392,83.64213091643497,1574.1901247526694,60.47420803166825,0,0,5,0,0,512,62.9748424093336,63.93118101096389,63.04976423063539,58.187628807211205,70.89234562431479,69.32980653461057,13.573539129002997,-0.014958875880398459,-0.0011882966132550354,0.8883165291646715,0.8893733685264107,1.0225377679212788,0.19146692085679162
2024-05-28,171773.7453518336,17.0,69.15717792277,75.44429006875092,1576.211792555515,50.05326043612807,0,1,5,0,0,513,60.47420803166825,62.9748424093336,73.58632986881912,71.02912317775825,70.52440902446234,69.4931336220718,13.853577477266207,-0.039708465825310735,-0.17818692494279287,0.8574932972595624,1.0434164693715435,1.0148399611391679,0.19643663334294523
2024-05-29,173204.9146777267,19.0,65.52776659646297,68.66875625537902,1580.1297403318729,65.99599558901032,0,2,5,0,0,514,50.05326043612807,60.47420803166825,65.48676603806712,69.27165065618004,67.16254196264933,67.99485771195535,15.716801878834097,-0.1723205302677645,-0.2356736564601103,0.7452555989313786,0.9750489502688247,0.9877591368330833,0.23401142094315877
2024-05-30,178641.56490330302,19.0,64.85215621814903,72.107167344943,1582.9409700296967,76.2023284872111,0,3,5,0,0,515,65.99599558901032,50.05326043612807,66.68389861578667,79.06963399135171,67.2352890413555,67.76088235001465,15.70892913983083,0.31851541765648705,-0.010315878961124514,0.981567812527988,0.9917990919139252,0.9922434110886539,0.23364113345550555
2024-05-31,177731.6687504975,20.0,69.45459634126433,71.28811623849592,1585.4999655665004,69.71322148969196,0,4,5,0,0,516,76.2023284872111,65.99599558901032,100.53363719659768,72.09722666274764,68.59506473727326,67.55607481400462,16.061255470546797,0.15465079065949183,-0.24202156997270174,1.1109010360887406,1.465610355229676,1.0153796668342439,0.23414593356042734
2024-06-01,122691.6990208058,17.0,64.05963907955365,66.36722648006769,1586.5789220332697,59.24711228294048,0,5,6,1,0,517,69.71322148969196,76.2023284872111,63.93118101096389,60.18914669707158,64.1921482077153,67.38578873021491,8.095901326810388,-0.08515628231239936,0.09044163407111894,1.0860085452213153,0.9959345931856499,0.9526066165777827,0.12611980674978152
2024-06-02,127077.0092217169,16.0,59.21463279234949,60.61463505531093,1587.6482759392989,67.12175372276458,0,6,6,1,0,518,59.24711228294048,69.71322148969196,62.9748424093336,64.5264621220241,63.522995532283396,67.31850055777699,8.31176504579474,-0.15013090749649316,-0.05919395720219578,0.9326876320376005,0.991370792287791,0.9436186933154275,0.13084655369519796
2024-06-03,179057.54849348712,15.0,75.1539870635298,82.94025644498437,1589.9824483250122,54.97534421717553,0,0,6,0,0,519,67.12175372276458,59.24711228294048,60.47420803166825,63.04976423063539,64.11541143420212,67.50387852925844,8.413347743520447,0.13291181859156231,0.10992365022151662,1.0468895421757949,0.943208608958696,0.949803371763481,0.13122192551403294
2024-06-04,169482.37887551452,18.0,62.55751835896552,60.95387135746241,1592.1988652832267,54.552991329810986,0,1,6,0,0,520,54.97534421717553,67.12175372276458,50.05326043612807,73.58632986881912,63.32985946070314,66.92713424258274,9.043131322649133,-0.18096084848673355,0.09833692626933721,0.8680793654893285,0.7903579900913353,0.9462508768291051,0.14279411638771272
2024-06-05,178441.44076951974,20.0,59.53934324030129,70.29331321563161,1593.8075672312202,70.86465391407873,0,2,6,0,0,521,54.552991329810986,54.97534421717553,65.99599558901032,65.48676603806712,63.97267815980071,65.56761006122501,8.047175136659476,-0.007682587410386632,-0.17338937244708874,0.8527545336391922,1.0316278368736644,0.9756750032533593,0.12579081208008855
2024-06-06,173725.5049642166,18.0,64.59932659860958,69.17878189758952,1596.0203533909096,63.33046035170007,0,3,6,0,0,522,70.86465391407873,54.552991329810986,76.2023284872111,66.68389861578667,64.66820077766762,65.95174490951156,8.451443865546326,0.2990058324327687,-0.07004608230610943,1.0958191671006097,1.17835856836652,0.9805381323328896,0.13068933051969073
2024-06-07,178766.39467437263,20.0,68.55302176264,62.8458865361023,1599.3912549333447,64.44740982064437,0,4,6,0,0,523,63.33046035170007,70.86465391407873,69.71322148969196,100.53363719659768,62.82936247259462,65.71221360493395,6.753339713512966,-0.10631807461465403,-0.09155739760119486,1.0079755365864809,1.1095643620464875,0.9561291429068085,0.10748700046827131
2024-06-08,124093.20337382992,19.0,62.15556426787897,66.5626978792603,1602.0475769129848,64.53591947135952,0,5,6,1,0,524,64.44740982064437,63.33046035170007,59.24711228294048,63.93118101096389,62.07710366273068,63.13462593522299,6.122566084450784,0.017636844304327104,0.08777301268067461,1.0381832594959928,0.954411671730599,0.9832497261712242,0.0986284108504018
2024-06-09,120004.47159734192,15.0,64.52133724875833,56.116937260748536,1603.2347701051826,60.36151379006353,0,6,6,1,0,525,64.53591947135952,64.44740982064437,67.12175372276458,62.9748424093336,62.83264754679054,63.17782153953697,6.040914538885313,0.0013733624200176209,-0.038524533522849014,1.0271080718554886,1.0682623817941144,0.9945364689010301,0.09614292529033945
2024-06-10,170297.83024846736,17.0,71.03478471610563,74.9553678570397,1605.2455630434686,64.58582355034711,0,0,6,0,0,526,60.36151379006353,64.53591947135952,54.97534421717553,60.47420803166825,61.8668989849761,62.99115520958911,5.775483660252004,-0.06468344629611344,0.09797427646128765,0.9756673565410456,0.8886067528699938,0.9821521573803133,0.09335337240120173
2024-06-11,177108.33978664552,18.0,69.69872856484524,75.18514026682115,1606.701589858786,69.91145359835346,0,1,6,0,0,527,64.58582355034711,60.36151379006353,54.552991329810986,50.05326043612807,63.23982460400062,63.28484203235188,4.947083643353121,0.06998349602323883,0.18390984574760783,1.0212840398400054,0.8626366640232571,0.9992886538560332,0.07822734604865055
2024-06-12,178062.89000688592,19.0,63.75476576017512,63.04203282987983,1608.4914299256595,84.33696643156217,0,2,6,0,0,528,69.91145359835346,64.58582355034711,70.86465391407873,65.99599558901032,65.43389064236383,64.70328440108226,3.701213766811702,0.08245818904600344,-0.01345099796692717,1.0684288051961062,1.0829961846743508,1.0112916407265,0.05656417080624313
2024-06-13,173514.73349958236,20.0,66.09366833447493,68.49267314735785,1610.2605373931558,69.06456299817751,0,3,6,0,0,529,84.33696643156217,69.91145359835346,63.33046035170007,76.2023284872111,67.35850671629002,66.01335374697884,8.00102030410788,0.2063397639546214,0.3316967216597566,1.2520611062057003,0.9401998862362575,1.020376982730903,0.1187826258947173
2024-06-14,179794.36983510948,20.0,68.44944040321435,79.53033949132292,1611.9784209270724,74.487833827996,0,4,6,0,0,530,69.06456299817751,84.33696643156217,64.44740982064437,69.71322148969196,68.17766423721538,65.503513354905,7.811170341819671,-0.18108789158047234,0.07164218376475584,1.0130086410393333,0.9452862684824157,1.0408245412398194,0.11457081185183629
2024-06-15,121044.47975092416,18.0,61.903599597475726,61.9941461566709,1613.074312629494,59.35018594762275,0,5,6,1,0,531,74.487833827996,69.06456299817751,64.53591947135952,59.24711228294048,69.61201052397989,65.84455709335529,7.932930206982325,0.07852465279425003,0.15420736913887234,1.0700428455853388,0.9270802406881817,1.0572173858696179,0.11395921691199531
2024-06-16,127504.00080541072,16.0,67.13674784413764,63.41486034002712,1615.072188884279,52.51163231037174,0,6,6,1,0,532,59.35018594762275,74.487833827996,60.36151379006353,67.12175372276458,68.87119144916036,65.85191949797544,8.691805939726956,-0.20322309164377683,-0.016754514241610452,0.8617563410592965,0.8764406788957827,1.045849414477246,0.1262037980879583
2024-06-17,172719.93520095016,15.0,75.17237247972317,82.54621499609154,1616.7237027748015,55.5560622792536,0,0,6,0,0,533,52.51163231037174,59.35018594762275,64.58582355034711,54.97534421717553,67.7497798092044,64.80833939709025,10.325555318830945,-0.11522379463623111,-0.1869480108210292,0.7750819627496055,0.9532993868353882,1.0453867579308198,0.1524072159040158
2024-06-18,175064.65556879135,18.0,68.72093449249567,79.78968354665052,1616.4801438227996,63.48588807237695,0,1,6,0,0,534,55.5560622792536,52.51163231037174,69.91145359835346,54.552991329810986,66.45981391333389,64.84981925866725,11.304354616386659,0.05797629658296777,-0.20533675928943862,0.835934664994711,1.0519357410407535,1.0248265095118436,0.170093082582626
2024-06-19,174755.50105382776,19.0,70.5875024755323,71.48848033966509,1620.2225214424009,72.70778779748863,0,2,6,0,0,535,63.48588807237695,55.5560622792536,84.33696643156217,70.86465391407873,65.54187598105152,65.48788331170768,11.238051045575661,0.14273556238136398,-0.24723533749705684,0.9686309267487405,1.286764609178175,1.0008244680788787,0.17146367688383893
2024-06-20,174446.3465388642,20.0,66.57171670754227,71.56988781841436,1623.1935371657744,90.67719162289804,0,3,6,0,0,536,72.70778779748863,63.48588807237695,69.06456299817751,63.33046035170007,63.88056474761246,65.61953573195125,8.529731627620807,0.145259048981063,0.05275100052985593,1.1381832343648166,1.0811514154742785,0.9734991879332658,0.13352624012203346
2024-06-21,176457.7778230807,19.0,62.55593093955223,71.7521243292962,1624.992496585834,63.9984400937709,0,4,6,0,0,537,90.67719162289804,72.70778779748863,74.487833827996,64.44740982064437,66.96808312257254,67.57287367989396,13.29783137618566,0.2471455172788255,0.2173423089774067,1.3540359436140708,1.1122885762111476,0.9910498026147825,0.1985696880683664
2024-06-22,132260.05123685775,18.0,59.98411944961167,59.27487439699742,1627.1075518256268,60.90917036719637,0,5,6,1,0,538,63.9984400937709,90.67719162289804,59.35018594762275,64.53591947135952,65.46959830339752,67.54080441368872,12.89410619644053,-0.29421678209970226,0.07831911681372472,0.9775291395128314,0.9065304734662286,0.9693340029294732,0.19694799617811914
2024-06-23,156961.40984255914,17.0,57.83731530206055,58.8433230648091,1628.270228347773,60.983721625087306,0,6,6,1,0,539,60.90917036719637,63.9984400937709,52.51163231037174,60.36151379006353,65.6923103633366,67.28175090624849,12.783784901065719,-0.0482710160130172,0.1599176732345835,0.9271887383822363,0.7993573680075483,0.9763763498793805,0.19460093320451172
2024-06-24,181662.76844826053,17.0,67.31125634299326,75.00337764016828,1631.7268066500214,68.66510066971775,0,0,6,0,0,540,60.983721625087306,60.90917036719637,55.5560622792536,64.58582355034711,66.9026088368674,67.32619432303589,11.681450506287984,0.001223974279102702,0.09769697712828296,0.9115297995895426,0.8304020313276459,0.9937084593830434,0.17460381156094462
2024-06-25,173909.17258136952,18.0,66.55677826620706,76.6704940065082,1635.34463760584,69.35563114366137,0,1,6,0,0,541,68.66510066971775,60.983721625087306,63.48588807237695,69.91145359835346,68.77532860693371,67.6175712601338,10.555807397680182,0.1259578595719959,0.08158053316409841,0.9983972750192741,0.9230910176411211,1.017122137415227,0.15348247127991155
2024-06-26,180655.21671166117,19.0,63.53420197579732,68.64176588150963,1637.569992588437,80.31141228247567,0,2,6,0,0,542,69.35563114366137,68.66510066971775,72.70778779748863,84.33696643156217,69.61386333140291,67.57786965622722,10.295524961344876,0.010056498384311885,-0.0461045062072849,0.9962905062959628,1.0444440851006476,1.0301281127317703,0.14789475068108382
2024-06-27,184410.2744826316,20.0,64.66414916161325,62.33224756178034,1640.4888171037855,53.20411129158072,0,3,6,0,0,543,80.31141228247567,69.35563114366137,90.67719162289804,69.06456299817751,70.70009540068678,67.29033007414961,11.049833253481097,0.15796527200683674,-0.1143151784357288,1.1359448926810858,1.2825610928668874,1.0506724416833715,0.15629163144486732
2024-06-28,168865.42199949085,21.0,55.00944036797825,68.94285785287981,1642.7290465269325,54.70629702473528,0,4,6,0,0,544,53.20411129158072,80.31141228247567,63.9984400937709,74.487833827996,65.34679821049859,66.15744066653555,8.553882553239548,-0.3375273852183258,-0.168665498508624,0.8141808435693636,0.9793661181013906,0.9877467681961433,0.13089979597294615
2024-06-29,125591.61897811807,18.0,60.449094136233576,60.70442081992704,1643.7596661758316,59.807786934411446,0,5,6,1,0,545,54.70629702473528,53.20411129158072,60.90917036719637,59.35018594762275,64.01934920063636,64.74447375201694,9.469959434658744,0.028234391980009876,-0.10183808620387558,0.854527540623476,0.9514181435413737,0.9888002093559685,0.147923394300369
2024-06-30,131165.24850872214,17.0,61.67424521717972,62.66370726788652,1645.530207480661,70.65187255204617,0,6,6,1,0,546,59.807786934411446,54.70629702473528,60.983721625087306,52.51163231037174,63.862008710238506,64.77715953678755,9.539143412813806,0.09325233450492076,-0.01928276365134307,0.9365159058146401,0.9549295873512079,0.9858723223881202,0.14937117709679038
2024-07-01,178263.81845582803,17.0,66.18208442900726,69.65735671565392,1647.7357498540782,52.74107475086298,0,0,7,0,0,547,70.65187255204617,59.807786934411446,68.66510066971775,55.5560622792536,65.24317312837549,66.07289098262144,9.750520932217052,0.18131561412775477,0.028934230969599684,1.0829006187824168,1.0524488214975245,0.9874423860995549,0.14944890729075172
2024-07-02,180668.5834934852,18.0,70.82649891858767,79.43200123844402,1649.4721116790838,43.68367457960152,0,1,7,0,0,548,52.74107475086298,70.65187255204617,69.35563114366137,63.48588807237695,62.968312282824805,65.87182044487926,10.63644586139318,-0.2535077578869418,-0.23955598296529734,0.8375812029703804,1.101437034426898,0.9559218472717924,0.16891743602113932
2024-07-03,176876.05925313671,20.0,68.58827620147845,74.14050084394388,1651.3971890571356,76.65058269425664,0,2,7,0,0,549,43.68367457960152,52.74107475086298,80.31141228247567,72.70778779748863,59.300889916530544,64.45737662396672,12.354171932314397,-0.17173332576263534,-0.45607139336617664,0.7366445029929372,1.354303660459711,0.9200016045096244,0.20833029571231754
2024-07-04,179746.3591498916,20.0,58.81082089684632,64.12298421928661,1653.4240694111284,74.23862076829577,0,3,7,0,0,550,76.65058269425664,43.68367457960152,53.20411129158072,90.67719162289804,58.77791426107068,64.73900483087871,11.35347706972982,0.7546734204921788,0.4406890902505536,1.3040711576426802,0.9051718142849865,0.9079211893142237,0.19315889671249128
2024-07-05,178885.29105843167,20.0,62.06924490123129,66.97183857157556,1655.4593666128362,63.50725921621482,0,4,7,0,0,551,74.23862076829577,76.65058269425664,54.70629702473528,63.9984400937709,61.782844186315685,63.56482119840713,12.370445886653307,-0.03146697443360191,0.35703977066349446,1.201605749071988,0.8854609680926959,0.9719659871844948,0.2002246100770033
2024-07-06,133994.64824663923,19.0,56.73009489184348,60.60164925669212,1657.6011734052338,58.81012543426793,0,5,7,1,0,552,63.50725921621482,74.23862076829577,59.807786934411446,60.90917036719637,63.04012449938419,63.52973685001027,11.97217885748432,-0.14455227536586823,0.06185603031692888,1.0074101172949808,0.9487257109556577,0.99229317836178,0.18991362965346412
2024-07-07,130418.96337320484,17.0,57.78651934817461,64.01991305113222,1658.8526893521166,54.07200266762997,0,6,7,1,0,553,58.81012543426793,63.50725921621482,70.65187255204617,60.983721625087306,62.897601427935115,63.37980506908681,12.02290242099948,-0.07396215550658825,-0.16760698181148614,0.9350138017846291,1.123284051348055,0.9923918408927564,0.1911504119083891
2024-07-08,181182.4106483008,16.0,75.12129850154273,62.44923841276268,1660.3790764328144,64.06637339840101,0,0,7,0,0,554,54.07200266762997,58.81012543426793,52.74107475086298,68.66510066971775,60.52904858730424,62.88611085783986,11.872891185728575,-0.08056644551683134,0.0252351307411538,0.8933231882810625,0.8713349372209567,0.9625185555541192,0.1961519545215332
2024-07-09,178292.49213551014,18.0,70.19452915923344,67.15174096291747,1662.356368946409,62.57231663787488,0,1,7,0,0,555,64.06637339840101,54.07200266762997,43.68367457960152,69.35563114366137,62.146948394095375,62.55763033846009,11.396857772337286,0.18483448434866534,0.4665976251988053,1.0308852655505125,0.7029094059870514,0.9934351422497499,0.1833856378605407
2024-07-10,178097.57510371003,19.0,65.26775981692414,68.42081752812321,1664.3336614600034,73.82752589972395,0,2,7,0,0,556,62.57231663787488,64.06637339840101,76.65058269425664,80.31141228247567,64.84532583099157,62.07310787376106,8.037930653548134,-0.023320451607823034,-0.18366808915904875,0.9649472161025004,1.1820525490770681,1.0446605309801533,0.12395543627150009
2024-07-11,178425.7672487215,20.0,57.04016547216192,54.877061959632,1664.749143906531,49.36594961566783,0,3,7,0,0,557,73.82752589972395,62.57231663787488,74.23862076829577,53.20411129158072,64.44203200320119,61.60997313213594,7.3917440683714295,0.17987522065047412,-0.005537479876611351,1.1456424262980494,1.152021723408845,1.0459675394597443,0.1147037707936373
2024-07-12,181841.8085695132,20.0,68.07698803349281,71.39320701585206,1667.7720161811849,65.59642050838812,0,4,7,0,0,558,49.36594961566783,73.82752589972395,63.50725921621482,54.70629702473528,60.888793267111474,61.33581872671358,7.860914411903241,-0.3313340923449202,-0.2226723334477706,0.8107559202085944,1.0430040703486512,0.9927118367557158,0.12910281170162788
2024-07-13,128183.90207671896,17.0,56.21985029755221,58.953524133111166,1670.981095698995,52.66989476893792,0,5,7,1,0,559,65.59642050838812,49.36594961566783,58.81012543426793,59.807786934411446,61.187244880279096,62.11368468983164,8.015045530188706,0.328778662602067,0.11539331065881209,1.0720603720062272,0.9611500820038178,0.9850847713482338,0.13099209722338698
2024-07-14,131104.69942758564,17.0,61.89915070193044,73.29669905312181,1672.8393512294087,59.83932310108211,0,6,7,1,0,560,52.66989476893792,65.59642050838812,54.07200266762997,70.65187255204617,60.310069070946234,61.60383524944068,8.630896277919199,-0.1970614499886808,-0.02593038595797026,0.8733184289173881,0.8965667508027877,0.9789986098551196,0.14310871154476998
2024-07-15,188889.60319458175,18.0,70.58174047086807,79.33049100276875,1672.8568415591471,64.05019294061746,0,0,7,0,0,561,59.83932310108211,52.66989476893792,64.06637339840101,52.74107475086298,61.13397199001083,60.83151028865753,8.20071786021254,0.13612004283654566,-0.06597923486370472,0.9788227584960411,1.047966806555107,1.0049721221767807,0.13414338367466982
2024-07-16,184180.4988137268,19.0,72.66761207228672,70.80506181223856,1674.667793109573,76.7036581284718,0,1,7,0,0,562,64.05019294061746,59.83932310108211,62.57231663787488,43.68367457960152,61.13166049604176,61.63930444506857,8.199755786491972,0.07036961017126231,0.02361869245301418,1.0477417498705874,1.0235664487132063,0.9917642816771366,0.1341327181358488
2024-07-17,179499.90587132864,21.0,58.77086307856974,61.26250190502231,1676.716445780542,59.71878165788695,0,2,7,0,0,563,76.7036581284718,64.05019294061746,73.82752589972395,76.65058269425664,63.150423566127024,63.99787469855931,10.126695410004794,0.19755545778895134,0.03895745108205784,1.214618268524402,1.1690741206575845,0.9867581363221213,0.16035831334370665
2024-07-18,185716.85568865575,21.0,52.75954493764275,56.83789812207224,1678.007967204599,75.4060181950861,0,3,7,0,0,564,59.71878165788695,76.7036581284718,49.36594961566783,74.23862076829577,61.134888674436034,62.78846033881861,8.987386950693713,-0.22143502519966773,0.20971605170810537,0.9768363524126079,0.8074922631912886,0.9736644017792507,0.1470091325193146
2024-07-19,269784.865935111,20.0,85.32656809373985,65.4825772254173,1679.6957924895523,100.31789597006193,1,4,7,0,0,565,75.4060181950861,59.71878165788695,65.59642050838812,63.50725921621482,64.85489847149577,62.871845869303634,8.688370063899777,0.2626851402807775,0.14954471007215386,1.1626880925305532,1.0114335548180413,1.031541186277789,0.13396628887975798
2024-07-20,122259.66185928856,19.0,65.27408051600972,68.1943893329484,1683.019948648643,80.72219044032838,0,5,7,1,0,566,100.31789597006193,75.4060181950861,52.66989476893792,58.81012543426793,69.81510925173491,65.50117706600699,16.00924288218591,0.3303698878586221,0.9046534345693134,1.436908099768805,0.7544197142057623,1.065860376545305,0.2293091431606988
2024-07-21,126457.5747563304,16.0,67.15319800318599,64.93114805811085,1685.6518903784845,55.40715072966483,0,6,7,1,0,567,80.72219044032838,100.31789597006193,59.83932310108211,54.07200266762997,73.82258006193354,67.06632456643989,14.435849070376934,-0.19533608973997552,0.3489823456720993,1.0934620596111164,0.810582928026626,1.1007399099200748,0.19554788058431394
2024-07-22,173860.83231589658,16.0,71.35686194178268,66.43241287873853,1687.012239086982,65.27102481153138,0,0,7,0,0,568,55.40715072966483,80.72219044032838,64.05019294061746,64.06637339840101,73.18941258030249,67.16169228515666,15.226909760553486,-0.31360694714270654,-0.13494170453109822,0.757037784240621,0.8751292117605455,1.0897493807861958,0.20804798431530946
2024-07-23,180045.94606383477,18.0,66.12582208322004,71.01421378607738,1687.8341597513056,53.29841196523985,0,1,7,0,0,569,65.27102481153138,55.40715072966483,76.7036581284718,62.57231663787488,73.3638171332902,67.24773881466596,15.111338434730248,0.1780252900928445,-0.1490493882024737,0.8896895957982185,1.0455243623585404,1.0909484605196924,0.20597808327333061
2024-07-24,181633.6735167582,20.0,68.73457872845887,73.13531090387615,1689.6725458972178,53.3173904772236,0,2,7,0,0,570,53.29841196523985,65.27102481153138,59.71878165788695,73.82752589972395,70.02021053854277,66.5853170523349,16.749742818899215,-0.1834292150439215,-0.10751005821631954,0.7611861140563356,0.8528792072827976,1.0515863502385685,0.23921297422662396
2024-07-25,188373.74924910112,21.0,61.29873915010275,60.01741252178224,1691.601780473737,82.00199965055208,0,3,7,0,0,571,53.3173904772236,53.29841196523985,75.4060181950861,49.36594961566783,69.1057260841623,65.12030737929916,17.561008395932486,0.00035608025237454655,-0.2929292415456295,0.7715336123129588,1.0911688866889384,1.0612008583075276,0.25411799269058155
2024-07-26,183083.70949505668,21.0,66.39087020034582,72.58947331408966,1694.0987398236282,74.82035376832431,0,4,7,0,0,572,82.00199965055208,53.3173904772236,100.31789597006193,65.59642050838812,70.04800914922886,67.45145381036232,18.123368914586873,0.5379972447372894,-0.18257855333185913,1.1706542505134825,1.4321305799904565,1.038495172337822,0.25872782302744984
2024-07-27,130080.07788476453,18.0,62.31812914739442,61.69661467208888,1695.770486453574,73.5659578323715,0,5,7,1,0,573,74.82035376832431,82.00199965055208,80.72219044032838,52.66989476893792,66.4055031204092,68.11030618607205,12.808677258748853,-0.08757891164644815,-0.07311294007026281,1.1267191761600988,1.2155948926997748,0.97496996914086,0.19288577989573594
2024-07-28,134351.86232473396,17.0,66.43671400275555,69.41519739239435,1698.2796861138634,51.15612540164348,0,6,7,1,0,574,73.5659578323715,74.82035376832431,55.40715072966483,59.83932310108211,65.38318417641537,69.60288211917445,11.714392162462158,-0.016765437114036663,0.3277339993768078,1.1251510424129476,0.8474220310250806,0.939374666475246,0.1791652136557721
2024-07-29,173255.45876396846,16.0,81.45060171122105,84.26220143203912,1701.9278093459116,66.80242146773429,0,0,7,0,0,575,51.15612540164348,73.5659578323715,65.27102481153138,64.05019294061746,64.77589484384087,68.9826537120717,12.407445735871981,-0.3046223156883432,-0.2162506173396902,0.7897401575843701,1.007643737981299,0.9390171493577283,0.19154418114614014
2024-07-30,183150.45823243423,18.0,70.14642424267667,70.94907657062276,1704.6802101638668,82.91629721154506,0,1,7,0,0,576,66.80242146773429,51.15612540164348,53.29841196523985,76.7036581284718,64.99466579472701,69.1792414640086,12.43110942690038,0.30585381404957124,0.25336607610938744,1.0278139082785152,0.8200428652648588,0.9395111079461796,0.19126353332074383
2024-07-31,185399.46077554784,20.0,63.99904824138629,68.47294315381471,1706.7417393580026,76.09490804287204,0,2,7,0,0,577,82.91629721154506,66.80242146773429,53.3173904772236,59.71878165788695,69.2257922584849,69.62300139851384,12.820948940644781,0.24121694078999512,0.5551454500941053,1.1977659555262385,0.7701954537138369,0.9942948575607168,0.18520479899705788
2024-08-01,176509.65501688063,21.0,63.5039341545798,63.22099910422597,1708.6952189811598,76.61534687382935,0,3,8,0,0,578,76.09490804287204,82.91629721154506,82.00199965055208,75.4060181950861,72.47972333929182,70.79272471172706,10.849358064777444,-0.08226837664095821,-0.07203594586537954,1.049878566542767,1.1313784859068048,1.0238301129732517,0.14968818263819067
2024-08-02,187107.0161728277,21.0,57.94720866674477,60.37543401625533,1710.509880473816,75.23554471940166,0,4,8,0,0,579,76.61534687382935,76.09490804287204,74.82035376832431,100.31789597006193,71.71020151404572,70.87910533163729,10.235037139659298,0.006839338456971378,0.023990705938962797,1.0684023368533258,1.0433711269611954,1.0117255456106535,0.14272776987880284
2024-08-03,132854.78562997765,19.0,56.85932088672822,59.45815955498088,1713.5543932037776,54.08821794314066,0,5,8,1,0,580,75.23554471940166,76.61534687382935,73.5659578323715,80.72219044032838,71.76951450705677,69.08750881373298,10.25724364334791,-0.018009474742703424,0.02269510159623711,1.0482939063493886,1.0250307297973722,1.0388204139847443,0.14291922850250524
2024-08-04,129917.4083443968,17.0,59.82614157516748,59.12802152743279,1715.1525424470165,72.68158716902207,0,6,8,1,0,581,54.08821794314066,75.23554471940166,51.15612540164348,55.40715072966483,68.98698023716665,67.18508220679101,12.155039035809413,-0.2810815932167704,0.057316548477359675,0.7840351578978189,0.7415330432753626,1.0268199125637671,0.17619323231749315
2024-08-05,185387.12746442517,18.0,66.82939177136971,67.57964260151687,1717.2887206142166,63.24960007813565,0,0,8,0,0,582,72.68158716902207,54.08821794314066,66.80242146773429,65.27102481153138,72.06204620393501,68.41897052388795,9.273513942836285,0.34376006333629583,0.08800827233676589,1.00859732685544,0.9270125535803407,1.0532465725828937,0.12868790759274742
2024-08-06,192046.7714312176,19.0,68.99716466811847,62.45464024017605,1719.4296789357215,74.95746301462918,0,1,8,0,0,583,63.24960007813565,72.68158716902207,82.91629721154506,53.29841196523985,71.55450029113521,68.27458304293111,9.696912734363258,-0.12977134179736882,-0.23718735393156298,0.8839360182908238,1.1587852178993896,1.0480400919642627,0.13551785974200417
2024-08-07,183799.46502023397,21.0,61.29148384854415,61.57741834312479,1721.128251581472,62.43281868843261,0,2,8,0,0,584,74.95746301462918,63.24960007813565,76.09490804287204,53.3173904772236,70.41752397729009,69.8216581178875,8.540310489440456,0.18510572275603598,-0.014947715392493954,1.0644717221071738,1.0806245909386551,1.008534112128883,0.12128103925089354
2024-08-08,184172.88234520133,20.0,70.34678192365372,69.85304807207463,1722.8084551637655,63.22507009346869,0,3,8,0,0,585,62.43281868843261,74.95746301462918,76.61534687382935,82.00199965055208,68.46579692665588,70.47276013297385,8.587583855940178,-0.1670900244282838,-0.18511341087775302,0.9118833270182174,1.1190309660150994,0.971521433210065,0.12542881615968984
2024-08-09,181450.556401839,20.0,65.48120219951362,66.104062997134,1724.488658746059,83.9472472264156,0,4,8,0,0,586,63.22507009346869,62.43281868843261,75.23554471940166,74.82035376832431,66.5529002437472,69.13155087889646,7.936365837702008,0.012689662611418573,-0.1596383022243969,0.9499972181814695,1.1304623005737486,0.9626993666080702,0.11924898552332656
2024-08-10,128645.74252214083,18.0,60.035249489879625,61.820712362549806,1726.5398555685747,61.27975570586731,0,5,8,1,0,587,83.9472472264156,63.22507009346869,54.08821794314066,73.5659578323715,67.79742917332064,69.7834718401887,9.951954936310214,0.3277525371235226,0.5520431328438986,1.238206938670326,0.7977915770945668,0.9715399275144077,0.14678956204767815
2024-08-11,135444.223266177,16.0,62.463282487711176,64.66180499086829,1729.040047944124,71.56778525359559,0,6,8,1,0,588,61.27975570586731,83.9472472264156,72.68158716902207,51.15612540164348,68.82479171085302,68.90588597400983,8.577079152369526,-0.27002066499466504,-0.15687372699552693,0.8903732823967859,1.0560378805703072,0.9988231155871444,0.1246219412970196
2024-08-12,180187.6646963645,17.0,70.38903464412554,70.21704160069613,1730.7131676989725,64.84254668090598,0,0,8,0,0,589,71.56778525359559,61.27975570586731,63.24960007813565,66.80242146773429,68.66567715150639,70.36386167772069,8.503623159027308,0.1678862689516767,0.13151364064253435,1.0422643192709786,0.9211239545279585,0.9758656718701384,0.12384095681842053
2024-08-13,184006.2649488776,19.0,70.49961604982668,75.77227821052398,1733.789824738023,55.618507758288814,0,1,8,0,0,590,64.84254668090598,71.56778525359559,74.95746301462918,82.91629721154506,68.89324095190213,70.22387062151867,8.354535492097096,-0.09397019271812279,-0.13494208484282755,0.9412033137790086,1.0880234690506256,0.9810516045635229,0.12126785409805037
2024-08-14,181917.37021293957,21.0,60.86093316687754,60.43992039926071,1735.1884057130535,81.9489025642321,0,2,8,0,0,591,55.618507758288814,64.84254668090598,62.43281868843261,76.09490804287204,66.13053305813922,68.27402851771465,9.172471927130646,-0.1422528786231857,-0.10914629634375828,0.8410412737697325,0.9440846126787495,0.9686045264046595,0.13870252518706586
2024-08-15,185851.9193029856,21.0,62.22319088243119,58.76254842899922,1738.658037940268,70.37917081019098,0,3,8,0,0,592,81.9489025642321,55.618507758288814,63.22507009346869,76.61534687382935,68.9185450403963,68.6921709835261,10.70001630920008,0.47341066611085547,0.2961456973172678,1.1890689583797527,0.9173883467274243,1.0032954855499396,0.1552559808528795
2024-08-16,185378.64842114775,21.0,63.57745793132619,60.65174428384543,1739.3599287324053,80.65428247315383,0,4,8,0,0,593,70.37917081019098,81.9489025642321,83.9472472264156,75.23554471940166,69.94055942849948,68.24672983612335,10.403110679860385,-0.14118226592446048,-0.16162622199665366,1.0062712020789581,1.2002655957053818,1.0248192052050467,0.1487421714219419
2024-08-17,136739.5997770316,19.0,54.828930633903184,56.42712990114792,1741.8077447840508,67.1583240619347,0,5,8,1,0,594,80.65428247315383,70.37917081019098,61.27975570586731,54.08821794314066,69.47013589231923,68.63378253281994,9.715929713534631,0.14599648652687724,0.3161652089522198,1.160992150615199,0.8821021424350277,1.012185738985016,0.13985764658060565
2024-08-18,130627.134404581,16.0,59.6522743271119,60.962212872606976,1744.288089330072,47.26149538873992,0,6,8,1,0,595,67.1583240619347,80.65428247315383,71.56778525359559,72.68158716902207,70.30993137175743,69.56736154130523,9.126162870191369,-0.16733095872139603,-0.06161237456260882,0.9551755029718507,1.0178901309857262,1.0106741123135927,0.12979905814354453
2024-08-19,183288.5002588265,16.0,70.26820278672527,67.36458189839293,1745.7516436757194,64.71353973508478,0,0,8,0,0,596,47.26149538873992,67.1583240619347,64.84254668090598,63.24960007813565,66.83760424820662,67.7516406998565,12.549700578792953,-0.29626749849870504,-0.27113449721034955,0.7071093573795777,0.9701506720693962,0.9865090137713548,0.18776406964242268
2024-08-20,180560.9451368708,18.0,71.67027827577262,65.85563929936862,1748.1911588260082,85.38245307551037,0,1,8,0,0,597,64.71353973508478,47.26149538873992,55.618507758288814,74.95746301462918,66.81917468451788,67.85620781821001,12.553212905610211,0.3692655977724908,0.16352527860549326,0.968487564245223,0.8323734619723718,0.9847171958611304,0.18786842197437098
2024-08-21,182806.82695969555,20.0,66.72107489105335,66.09625577547175,1749.9162387581705,76.52865786909781,0,2,8,0,0,598,85.38245307551037,64.71353973508478,81.9489025642321,62.43281868843261,71.07116687269239,68.6008499654158,13.153473733660338,0.31939086356637403,0.041898675929028295,1.20136557246138,1.1530541310940436,1.0360100043734437,0.18507468376341357
2024-08-22,186201.2019721794,21.0,65.676729212259,68.44851647037706,1751.641318690333,74.67326952894913,0,3,8,0,0,599,76.52865786909781,85.38245307551037,70.37917081019098,63.22507009346869,70.29684620195891,69.6076956211776,12.552192997411044,-0.10369572303787589,0.08737652046926891,1.0886499466737847,1.0011710995966385,1.0099004941139245,0.1785598312810406
2024-08-23,187827.9544665814,22.0,67.38170673406455,71.88051271642946,1754.1435145363257,86.15920329839356,0,4,8,0,0,600,74.67326952894913,76.52865786909781,80.65428247315383,83.9472472264156,70.91028887606721,70.42542415228336,12.661341520948136,-0.02424436011046105,-0.0741561732471615,1.0530667793422566,1.1374129728073255,1.0068847966429768,0.17855436385369797
2024-08-24,129445.0987032895,20.0,57.62796892614576,68.06536231799038,1754.2488978800616,70.43031898330312,0,5,8,1,0,601,86.15920329839356,74.67326952894913,67.1583240619347,61.27975570586731,71.69670613681576,70.58342101456749,13.509948369897984,0.15381586800604197,0.2829266438950424,1.2017177348981645,0.9367002709131343,1.0157726149603674,0.18843192522844113
2024-08-25,136689.9436804226,17.0,64.14400128783554,64.25021191955128,1755.5763660372431,64.03189166772134,0,6,8,1,0,602,70.43031898330312,86.15920329839356,47.26149538873992,71.56778525359559,72.16413398272553,71.23703267724147,13.382760258201046,-0.18255605568469435,0.4902262064285676,0.975974006702035,0.6549166847904425,1.0130143167204133,0.1854489137416182
2024-08-26,190546.5514352198,18.0,69.317877481027,65.82081044058505,1758.0953197698468,59.8069014287287,0,0,8,0,0,603,64.03189166772134,70.43031898330312,64.71353973508478,64.84254668090598,74.55990487972288,70.69875456396474,8.948031082887223,-0.09084762653280976,-0.010533314514302172,0.8587979259229888,0.8679402131678967,1.0546141207093649,0.12001129960294124
2024-08-27,186885.7396128948,19.0,68.68630720888292,69.79184991523246,1760.6142735024505,72.4523617347971,0,1,8,0,0,604,59.8069014287287,64.03189166772134,85.38245307551037,55.618507758288814,73.85895655024343,70.33906561738065,9.980518238892525,-0.06598259287601949,-0.29954107343534875,0.8097447381082935,1.1560202995479356,1.0500417641600435,0.13512942377006312
2024-08-28,192847.18325023225,21.0,63.460162076914656,61.52598649057766,1761.775169530923,83.90323882199266,0,2,8,0,0,605,72.4523617347971,59.8069014287287,76.52865786909781,81.9489025642321,72.01180064442725,71.5414837585598,8.592323202772935,0.21143814516352877,-0.0532649630583254,1.0061179013221069,1.0627238478172967,1.0065740443328612,0.11931826625471093
2024-08-29,182352.8432035857,21.0,54.63242513532048,61.57157917446239,1763.7168193477353,68.17709038869124,0,3,8,0,0,606,83.90323882199266,72.4523617347971,74.67326952894913,70.37917081019098,73.06531220912652,71.68107920554272,9.62811165761988,0.15804698167204112,0.12360472966119795,1.148332037257926,1.0220071230958454,1.0193109955782693,0.13177404388641267
2024-08-30,180577.38118675436,21.0,63.613128538110935,56.96117037081819,1767.4711444182662,86.13659922614256,0,4,8,0,0,607,68.17709038869124,83.90323882199266,86.15920329839356,80.65428247315383,72.1372866176611,71.52378774686416,9.759472064649824,-0.187431959172228,-0.20870797571589894,0.9451019519217638,1.1943782104676437,1.0085775500728265,0.13529025726149851
2024-08-31,126563.1990043829,18.0,65.43850639184134,65.55265675121078,1768.1057986205014,63.20644991409695,0,5,8,1,0,608,86.13659922614256,68.17709038869124,70.43031898330312,67.1583240619347,72.13405746448238,71.91538180064907,9.754061572841122,0.2634243957179834,0.22300453085499905,1.194118316005651,0.9763809420810946,1.0030407356306539,0.1352213076000038
2024-09-01,139740.01724595673,17.0,66.79089714259936,69.93825441003821,1769.3647506911898,55.48363812493047,0,6,9,1,0,609,63.20644991409695,86.13659922614256,64.03189166772134,47.26149538873992,71.10207616888151,71.63310507580351,10.329527715896257,-0.2662068100906204,-0.012891103669212645,0.8889536469226175,0.900562896583117,0.9925868227217003,0.14527744156670733
2024-09-02,188497.46262541623,17.0,75.00269902031542,75.92133179786487,1772.6626960377334,74.07991532468752,0,0,9,0,0,610,55.48363812493047,63.20644991409695,59.8069014287287,64.71353973508478,69.88089709133996,72.22040098553141,11.716825556133156,-0.1221839195155312,-0.07228703043494433,0.793974325378349,0.8558404931544634,0.9676060522751716,0.16766850518273
2024-09-03,185765.6613163582,19.0,72.40381427410782,86.38821973918874,1776.2488579125636,68.21856451993794,0,1,9,0,0,611,74.07991532468752,55.48363812493047,72.4523617347971,85.38245307551037,71.91989907647692,72.88942781336019,10.883838695691997,0.3351668677148476,0.02246377551980827,1.0300336384776307,1.007403551244614,0.9866986370181718,0.15133278599457614
2024-09-04,187215.8745052793,21.0,65.3927012587726,69.06316112985762,1777.811864341837,81.3029994175177,0,2,9,0,0,612,68.21856451993794,74.07991532468752,83.90323882199266,76.52865786909781,71.31507090292561,71.66343577367643,10.966641157797056,-0.07912199655007235,-0.18693765011063512,0.9565799158048564,1.176514834237522,0.9951388756764189,0.1537773295174157
2024-09-05,181702.04381080647,22.0,63.98534401881166,61.16800223083928,1779.3748707711102,74.80066549723429,0,3,9,0,0,613,81.3029994175177,68.21856451993794,68.17709038869124,74.67326952894913,70.94360813085777,72.00446016999214,10.503445165119848,0.19180167436322448,0.19252668240890047,1.1460228984625604,0.9610039887305478,0.985266856572081,0.14805343908849272
2024-09-06,196095.0079184673,22.0,62.562879268898456,64.57298217967342,1783.1515455725576,77.69531427349605,0,4,9,0,0,614,74.80066549723429,81.3029994175177,86.13659922614256,86.15920329839356,71.88983314636393,72.01355988201252,10.511026279341817,-0.07997655642311274,-0.13160414772293216,1.0404901809264748,1.1981749776880546,0.9982818966892999,0.1462101916127962
2024-09-07,134739.2847279009,18.0,59.75892789943666,53.92591065221708,1786.5270994859568,68.49138091135576,0,5,9,1,0,615,77.69531427349605,74.80066549723429,63.20644991409695,70.43031898330312,70.68393529598585,71.40899638023411,8.976301954561785,0.03869816875317489,0.229230788615572,1.0991933874104542,0.8942123786603383,0.9898463622092165,0.1269921081356594
2024-09-08,134737.73917841958,16.0,66.11393504392836,67.48814928865889,1789.1702570761663,62.26399087865799,0,6,9,1,0,616,68.49138091135576,77.69531427349605,55.48363812493047,64.03189166772134,71.43892543845139,71.27050080366645,8.44934333704376,-0.11846188471213892,0.23444285966136968,0.9587403574591123,0.7766583523534759,1.0023631745657142,0.11827366222527157
2024-09-09,189539.0664955948,18.0,74.38910549741155,70.34600411292546,1790.6203351970169,52.52736746771996,0,0,9,0,0,617,62.26399087865799,68.49138091135576,74.07991532468752,59.8069014287287,72.40754726041247,71.14422217587621,6.472879964965476,-0.09092224378944125,-0.1595024021590884,0.8599102335938358,1.0230965987324554,1.0177572407976179,0.08939510050914827
2024-09-10,188668.0369269469,18.0,68.87987688032591,74.68085288206154,1792.6811117243462,59.46053759030705,0,1,9,0,0,618,52.52736746771996,62.26399087865799,68.21856451993794,72.4523617347971,69.32861185227424,70.62425546437558,9.810325182854328,-0.15637647496629414,-0.23001359179335978,0.7576578567539409,0.983988611589374,0.9816544103214667,0.141504710980774
2024-09-11,187747.53609711656,21.0,67.34600954714514,62.89903282317067,1794.6528236595104,82.71300297545788,0,2,9,0,0,619,59.46053759030705,52.52736746771996,81.3029994175177,83.90323882199266,68.07746514804126,69.69626802548343,10.509075357289667,0.13199157804448847,-0.2686550555784838,0.8734246708658168,1.1942718378352688,0.9767734640131622,0.1543693692830165
2024-09-12,183798.10217821872,20.0,65.81214221396438,67.06588419219527,1797.0175047032028,71.63408406589183,0,3,9,0,0,620,82.71300297545788,59.46053759030705,74.80066549723429,68.17709038869124,68.278894227747,69.61125117930239,10.813912214186155,0.39105709984265813,0.1057789716926536,1.2113992751488525,1.0955166503976128,0.9808600344199597,0.15837854927931191
2024-09-13,188953.873428544,20.0,68.93886165405193,66.97330011621953,1800.278305853708,68.87504183250496,0,4,9,0,0,621,71.63408406589183,82.71300297545788,77.69531427349605,86.13659922614256,67.82652545184092,69.85817929910243,10.558847159683399,-0.13394410202774676,-0.07801281537092475,1.0561367192066236,1.1455004329930227,0.97091745207726,0.15567430425402715
2024-09-14,142294.81798590012,20.0,54.20647136110172,67.05943384814803,1803.0818394866176,58.83899751653142,0,5,9,1,0,622,68.87504183250496,71.63408406589183,68.49138091135576,63.20644991409695,66.56648653169934,68.6252109138426,9.674089339411761,-0.03851577456967259,0.005601594186657621,1.0346804438853217,1.0289168691326345,0.970000465503444,0.14532972736671185
2024-09-15,140226.1601846199,18.0,52.69460652836197,72.82340891624636,1804.31993862503,56.3137049160317,0,6,9,1,0,623,58.83899751653142,68.87504183250496,62.26399087865799,55.48363812493047,65.18757461815301,68.31325002830219,10.03516408212468,-0.14571380356297825,-0.055007610559389075,0.9026106257394998,0.9551512116132501,0.9542449611333933,0.1539428969540179
2024-09-16,193764.7465065576,18.0,68.03074845868585,78.5873839843447,1807.5211357850455,52.634438832878445,0,0,9,0,0,624,56.3137049160317,58.83899751653142,52.52736746771996,74.07991532468752,64.33753376634925,68.37254051338087,10.56225468662849,-0.04291868840542723,0.07208313743571071,0.875285414584631,0.8164342708329548,0.9409849814452639,0.16416940576222264
2024-09-17,185455.13729427525,18.0,64.05350715684794,70.31356453606968,1809.871641497056,67.40209239405664,0,1,9,0,0,625,52.634438832878445,56.3137049160317,59.46053759030705,68.21856451993794,64.35282967565762,66.84072076396593,10.542359869101835,-0.0653351806392306,-0.11480048842581203,0.8179040315423485,0.9239770479401134,0.962778811181678,0.16382123244985503
2024-09-18,183649.5807189657,21.0,62.52855740526861,67.43317956089182,1812.5212941337431,70.20886882595302,0,2,9,0,0,626,67.40209239405664,52.634438832878445,82.71300297545788,81.3029994175177,65.4873375047647,66.78240132640298,10.353758052314378,0.28057017208956125,-0.18510887080165872,1.0292385514856612,1.2630381097634316,0.9806077080800287,0.15810320661702065
2024-09-19,187212.8523196014,21.0,64.44654543545272,68.40090208494978,1815.7945268211663,67.52273137635835,0,3,9,0,0,627,70.20886882595302,67.40209239405664,71.63408406589183,74.80066549723429,63.701032626264,65.98996342700549,7.598628671359445,0.04164227447846813,-0.019895769709679545,1.1021621774621881,1.124535680389536,0.9653139556097288,0.11928580052918204
2024-09-20,188046.8996491548,20.0,64.59367833176321,68.64392915649184,1817.0052626215556,72.46742674140539,0,4,9,0,0,628,67.52273137635835,70.20886882595302,68.87504183250496,77.69531427349605,63.11369652775922,65.47011098980008,7.02011724089752,-0.03825923269400011,-0.019634259670364362,1.0698586058362136,1.091285182483516,0.9640077826902115,0.11122969540866412
2024-09-21,139687.8060738838,19.0,66.45807897797073,58.52810028564853,1819.0766021585905,70.13991247912979,0,5,9,1,0,629,72.46742674140539,67.52273137635835,58.83899751653142,68.49138091135576,63.62689437188784,65.0966904517936,7.617390645252835,0.07323008510254536,0.23162238991316797,1.1389433266669629,0.9247504235021747,0.977421339399824,0.11971966760990323
2024-09-22,128618.9414811407,17.0,62.55573451051147,63.65017063765541,1820.7514385175027,78.57005668051843,0,6,9,1,0,630,70.13991247912979,72.46742674140539,56.3137049160317,62.26399087865799,65.24131079511619,65.2144427066346,7.631064881007909,-0.03211807520889576,0.24552118500663522,1.075084354135636,0.8631602312969961,1.0004119959838107,0.11696676213285329
2024-09-23,194266.20127784245,18.0,71.513034720073,76.43621763198,1821.5971509772105,56.76065695124815,0,0,9,0,0,631,78.57005668051843,70.13991247912979,52.634438832878445,52.52736746771996,68.4207896186143,66.37916169248177,7.922422065786461,0.12019040092040378,0.49274996414399186,1.1483360118828996,0.769275524679986,1.0307570610124737,0.11578969067657643
2024-09-24,187623.96840568405,19.0,70.22280902825041,70.93376130522981,1823.9745189592943,79.95835453614889,0,1,9,0,0,632,56.76065695124815,78.57005668051843,67.40209239405664,59.46053759030705,69.01024934980997,66.68153951273379,6.594267859261399,-0.2775790250216016,-0.15787989756452758,0.8224960420521137,0.9766968389347261,1.0349228565221034,0.09555490555954002
2024-09-25,186656.47572021032,21.0,60.40792496860878,56.30039074086916,1828.083764200562,83.00960962586282,0,2,9,0,0,633,79.95835453614889,56.76065695124815,70.20886882595302,82.71300297545788,70.80400108439459,68.14566929457963,7.699115024659767,0.4086932539351207,0.13886401922191238,1.1292914709840027,0.9915946521478045,1.0390095484765662,0.10873841741631003
2024-09-26,184423.58249895927,22.0,67.69995994198234,68.89794570069853,1828.7117020049573,71.13576832978194,0,3,9,0,0,634,83.00960962586282,79.95835453614889,67.52273137635835,71.63408406589183,72.63267834152454,68.16685548389428,8.952397321992969,0.03816055379596972,0.22935799446831728,1.1428686305018954,0.9296467226344206,1.0655131122879122,0.1232557786165904
2024-09-27,181960.57331253693,21.0,64.0321748245443,74.7462674409129,1830.7858775161176,76.5146514212866,0,4,9,0,0,635,71.13576832978194,83.00960962586282,72.46742674140539,68.87504183250496,73.14882647772791,68.13126150274357,8.709542909665819,-0.14304176768928467,-0.018375958296068307,0.9724799665985223,0.9906847482162959,1.0736455609996636,0.11906606474838895
2024-09-28,139148.04233584763,19.0,63.25034514374206,71.83473469266724,1833.3983118641772,63.53919842590932,0,5,9,1,0,636,76.5146514212866,71.13576832978194,70.13991247912979,58.83899751653142,73.72700143199667,68.67694790194226,8.790727066798624,0.07561432480167252,0.09088604072686324,1.0378104349172692,0.9513463333216462,1.0735334589601293,0.1192334815746833
2024-09-29,136226.39186875365,17.0,58.21813093023202,61.264484697355456,1835.5967744255024,63.86909971829306,0,6,9,1,0,637,63.53919842590932,76.5146514212866,78.57005668051843,56.3137049160317,72.7840422815366,69.0126765383264,9.559996630026301,-0.1695812861243392,-0.1913051726019187,0.8729825444447394,1.0794956451662976,1.0546474348247565,0.1313474263087394
2024-09-30,183744.15640103573,17.0,64.14079433522306,71.06988185346889,1837.60627198349,77.87945884329832,0,0,9,0,0,638,63.86909971829306,63.53919842590932,56.76065695124815,52.634438832878445,70.68390557264725,69.55234759563078,9.690935905140291,0.005192090875499877,0.1252353857206121,0.9035875875965839,0.8030209492726869,1.0162691557673253,0.13710243975101483
2024-10-01,183831.68491174557,18.0,71.95461004001764,70.73115293017385,1838.6668988927331,72.96237579718061,0,1,10,0,0,639,77.87945884329832,63.86909971829306,79.95835453614889,67.40209239405664,73.70087727151157,71.35556331066076,7.721072241820494,0.21936052311369103,-0.025999730796244735,1.0566964970632982,1.0849037012352645,1.0328679902734426,0.10476228408213271
2024-10-02,187776.8612028395,21.0,66.61873482040043,59.77562992218675,1840.9531282870853,79.3841983908254,0,2,10,0,0,640,72.96237579718061,77.87945884329832,83.00960962586282,70.20886882595302,72.70145173737323,71.75272641088391,7.212109519211304,-0.06313709826889524,-0.1210369964871133,1.0035889800488433,1.1417875110077138,1.013222150208712,0.09920172633229296
2024-10-03,195904.0861011576,22.0,61.4009075558192,59.49839610400758,1842.4477171054723,74.76316288942708,0,3,10,0,0,641,79.3841983908254,72.96237579718061,71.13576832978194,67.52273137635835,72.1835358466536,72.40810709408909,6.43700846659077,0.0880155357261947,0.11595334182382278,1.099754915850463,0.9854846745233216,0.9968985344811779,0.08917557710480578
2024-10-04,188297.63459454555,21.0,61.70409212316818,62.50257264415952,1842.79577974149,63.48178646921441,0,4,10,0,0,642,74.76316288942708,79.3841983908254,76.5146514212866,72.46742674140539,72.70173506946006,72.92528077359398,6.484435388715337,-0.058211024297908476,-0.02289089082058149,1.028354589034189,1.0524460158782132,0.996934592479281,0.0891923058303909
2024-10-05,130387.10818752756,18.0,64.84589324182247,65.50674918431146,1845.8514535179008,62.60727888620912,0,5,10,1,0,643,63.48178646921441,74.76316288942708,63.53919842590932,70.13991247912979,70.83989721916403,72.28344932558034,7.05326701704167,-0.15089485228036104,-0.000903567531810312,0.8961304146562333,0.8969408612964548,0.9800292858201297,0.0995663078846701
2024-10-06,135494.46774365622,18.0,56.38340211017566,58.88980179126544,1848.7181621737743,74.29781750745447,0,6,10,1,0,644,62.60727888620912,63.48178646921441,63.86909971829306,78.57005668051843,70.70676585634972,71.74540406894316,7.220840067818155,-0.01377572421389528,-0.019756358515298333,0.8854496189714604,0.9032954476810847,0.9855232787929472,0.1021237498330536
2024-10-07,188569.1057210093,17.0,77.72363683920301,75.679718489988,1850.8594909552555,53.94662503559452,0,0,10,0,0,645,74.29781750745447,62.60727888620912,77.87945884329832,56.76065695124815,72.19658268337277,71.44024412801001,6.626314740095654,0.186728106207799,-0.04598955089108281,1.0291043529483512,1.0787139217495727,1.010587009669333,0.09178155660297932
2024-10-08,178980.4534282337,18.0,64.32363626745847,75.97959196183182,1853.14275070582,59.3386204769604,0,1,10,0,0,646,53.94662503559452,74.29781750745447,72.96237579718061,79.95835453614889,68.77760642512938,71.23924184832048,8.96649656893637,-0.27391373198570823,-0.2606240621117616,0.7843632228510349,1.060844940520091,0.965445513465285,0.13036941869585428
2024-10-09,189658.82053392875,22.0,66.76541093261542,76.54212332290265,1856.1022051159923,78.77658865890434,0,2,10,0,0,647,59.3386204769604,53.94662503559452,79.3841983908254,83.00960962586282,66.83135566509792,69.76640370123557,9.375991336124606,0.09995056109271316,-0.25251345129387504,0.8878859314827496,1.1878286412239143,0.9579303521404575,0.1402932985993749
2024-10-10,189060.26187916528,21.0,63.97026358442526,77.2701120347809,1858.381676841415,67.54385986210022,0,3,10,0,0,648,78.77658865890434,59.3386204769604,74.76316288942708,71.13576832978194,66.74455427482347,69.46404506073854,9.242269477970039,0.32757701520026394,0.05368186168652378,1.1802699038866673,1.1201387693981242,0.9608503826182714,0.13847226306905297
2024-10-11,192876.82545925365,23.0,65.96485327151524,66.97665656521193,1861.204890885224,73.96586760582325,0,4,10,0,0,649,67.54385986210022,78.77658865890434,63.48178646921441,76.5146514212866,65.71322527091965,69.20748017018985,8.577223709026377,-0.14258968289983776,0.0639880132367685,1.0278579324577861,0.9660427746088317,0.9495104446704693,0.13052507579204292
2024-10-12,144339.82437978138,20.0,58.09260666370656,62.95220777470072,1863.0669051245247,66.51202999544763,0,5,10,1,0,650,73.96586760582325,67.54385986210022,62.60727888620912,63.53919842590932,67.21095114757804,69.02542418337103,9.026231274263035,0.0950790753864883,0.18142600863166014,1.1005032117967373,0.9315041346273997,0.9737129752223947,0.1342970322565997
2024-10-13,141528.02011819105,18.0,61.43128646045143,56.56181642125718,1866.216492115384,54.16784419227702,0,6,10,1,0,651,66.51202999544763,73.96586760582325,74.29781750745447,63.86909971829306,67.76877273461211,69.23776929548093,8.812431031644754,-0.1007740171466438,-0.10479160456127357,0.9814554301568071,1.0963429690310404,0.9787833060507815,0.13003675108821777
2024-10-14,189340.4452377807,19.0,68.15138131967285,76.90577718632964,1868.5731206961304,63.04811001325631,0,0,10,0,0,652,54.16784419227702,66.51202999544763,53.94662503559452,77.87945884329832,64.89306226101533,68.54482247219406,9.577947767286625,-0.18559327995274688,0.004100704289407231,0.8347247348938639,0.8313157548122535,0.9467244923909446,0.14759586670084765
2024-10-15,186097.8963650333,19.0,63.49965149583955,59.96082344033197,1870.8283622510148,76.23677361697332,0,1,10,0,0,653,63.04811001325631,54.16784419227702,59.3386204769604,72.96237579718061,66.19327440068132,67.48544041290533,8.388166269679282,0.16393980512603434,0.06251391600410061,0.9524851366562306,0.8964448580949734,0.9808526697859867,0.12672233464239901
2024-10-16,200925.43921299945,22.0,68.61343704555291,70.97462745525549,1871.912313380045,68.13080613907961,0,2,10,0,0,654,76.23677361697332,63.04811001325631,78.77658865890434,79.3841983908254,68.60729627782601,67.71932597146197,8.517248038901704,0.20918412306005685,-0.032240734019699624,1.111205043094129,1.1482246485839884,1.013112509518158,0.12414493065593217
2024-10-17,190976.873736058,22.0,62.327251623575805,59.375288660696434,1873.794313754768,65.09227660621949,0,3,10,0,0,655,68.13080613907961,76.23677361697332,67.54385986210022,74.76316288942708,67.08647020356534,66.9155122391944,7.255839448568987,-0.10632621362781547,0.008689853943463,1.0155670127276837,1.0068179121236664,1.0025548330820488,0.10815652435658141
2024-10-18,190903.71716765175,23.0,62.39676850811535,61.9730806727988,1875.676314129491,75.13488630729906,0,4,10,0,0,656,65.09227660621949,68.13080613907961,73.96586760582325,63.48178646921441,66.7362440241538,66.22473464753672,7.2891726872488105,-0.04459846734614281,-0.1199687272904395,0.9753661980536495,1.1083312926489064,1.0077238418445835,0.10922359796890345
2024-10-19,137391.81965155998,20.0,55.31598473426677,55.06647563216492,1877.2656879482684,75.26709206241809,0,5,10,1,0,657,75.13488630729906,65.09227660621949,66.51202999544763,62.60727888620912,66.90324669579321,67.05709892168564,7.492960436397012,0.15428266185607664,0.1296435594048415,1.1230379692772583,0.99415250051878,0.9977056534152767,0.11199696287486985
2024-10-20,138358.4190430714,18.0,51.33857415233732,53.03148301849077,1878.7133874456156,63.298778637501,0,6,10,1,0,658,75.26709206241809,75.13488630729906,54.16784419227702,74.29781750745447,68.15396984821756,67.96137129141484,8.121139458132031,0.0017595788270485802,0.38951610839903594,1.104368420945131,0.7947863391217216,1.002833941592745,0.11915871483668863
2024-10-21,190594.55835230424,17.0,70.72345302291559,68.88314890258758,1879.960399500096,62.61546254939104,0,0,10,0,0,659,63.298778637501,75.26709206241809,63.04811001325631,53.94662503559452,69.45838905467812,67.17572565784674,5.940932041862205,-0.1590112371418828,0.003975830904241029,0.9113194172653755,0.9077105137526931,1.033980479920052,0.0855322463235573
2024-10-22,189897.56129367134,20.0,76.18891675046929,73.20978942575005,1883.7602166225092,73.4860318882206,0,1,10,0,0,660,62.61546254939104,63.298778637501,76.23677361697332,59.3386204769604,69.39658227412595,67.79492833740362,6.020454943733674,-0.010795091197938755,-0.17867113758011444,0.9022845289707704,1.0985666890024597,1.0236249816321241,0.08675434360660671
2024-10-23,189200.56423503844,21.0,68.44191854107214,73.92020439175926,1886.9252878721,61.48742388274751,0,2,10,0,0,661,73.4860318882206,62.61546254939104,68.13080613907961,78.77658865890434,69.00361917001841,68.80545772392222,5.572696936975998,0.17360838515334542,0.07860211925584792,1.0649590959447786,0.9873511992350971,1.0028800251121257,0.08075948774868458
2024-10-24,191364.986919136,23.0,63.29045209515398,60.1080477108106,1890.561581873816,84.17735483448132,0,3,10,0,0,662,61.48742388274751,73.4860318882206,65.09227660621949,67.54385986210022,68.05456456197096,67.57051738276816,6.268388460818243,-0.16327739703953725,-0.05538065207458942,0.9035018338374148,0.9564718696707846,1.0071635855096508,0.09210827372365603
2024-10-25,189430.30091546493,21.0,64.28266283520722,67.52883740323512,1891.6832658581711,78.54075242096722,0,4,10,0,0,663,84.17735483448132,61.48742388274751,75.13488630729906,73.96586760582325,70.7810043088655,68.75862416650966,8.513626956814099,0.3690174269620081,0.12034979982799054,1.1892647703493788,1.0615120121697428,1.0294127488278173,0.12028123986010954
2024-10-26,135181.25686929133,19.0,60.07192858862216,69.14733863242552,1893.8402688581,63.68652690794776,0,5,10,1,0,664,78.54075242096722,84.17735483448132,75.26709206241809,66.51202999544763,71.2675566108181,69.08540165330567,8.892799840957327,-0.06696103036971646,0.043493913061425804,1.102054794018925,1.0561200024499349,1.0315863395925993,0.12478047885827812
2024-10-27,138536.12091076758,17.0,65.07561983644847,64.4945140465918,1894.9054627579364,70.64275765472769,0,6,10,1,0,665,63.68652690794776,78.54075242096722,63.298778637501,54.16784419227702,69.6131901601795,68.88358000419852,9.099528954147337,-0.18912761916772758,0.0061256832879399425,0.9148629270028492,0.909292886762565,1.0105919314288907,0.13071558612971737
2024-10-28,168294.04643254913,17.0,66.81611063633198,64.86329405532757,1896.4489068561788,57.34735793168156,0,0,10,0,0,666,70.64275765472769,63.68652690794776,62.61546254939104,63.04811001325631,70.66233001978331,70.06035953723071,8.66306256814164,0.1092260967038512,0.12819988511631175,0.9997230155720856,0.8861222454999801,1.0085921694739906,0.12259803159216863
2024-10-29,198051.97195433071,19.0,73.7327016702319,72.83353821028426,1897.8144052694456,80.51400497078028,0,1,10,0,0,667,57.34735793168156,70.64275765472769,73.4860318882206,76.23677361697332,69.9097436458248,69.65316295997538,9.651110646157242,-0.18820612564459183,-0.21961553157595348,0.8203056532750781,1.051155791108517,1.0036836903730684,0.1380510089559402
2024-10-30,181540.12076642795,22.0,66.03693535664496,73.72817432711953,1900.906072474599,78.45219934217535,0,2,10,0,0,668,80.51400497078028,57.34735793168156,61.48742388274751,68.13080613907961,70.9137398004762,69.9586794852473,10.420077438384522,0.40397060779499827,0.30943857925020923,1.1353794793126906,0.8670734903524946,1.0136517773385116,0.14694017644116056
2024-10-31,196618.02740768983,21.0,69.1682486790558,71.30513709801141,1902.6890887321172,73.30680555568956,0,3,10,0,0,669,78.45219934217535,80.51400497078028,84.17735483448132,65.09227660621949,73.33727915182303,70.695921856897,9.817723959756828,-0.025608037127865968,-0.0680130125680879,1.069745158935654,1.1478112606307243,1.0373622300346075,0.1338708508592492
2024-11-01,294651.91948872025,25.0,75.80915350057029,72.99125132741824,1905.6437921990728,92.7282530265121,1,4,11,0,1,670,73.30680555568956,78.45219934217535,78.54075242096722,75.13488630729906,71.78434354056706,71.28267392471629,8.601730903770237,-0.06558635487124775,-0.06663988698789702,1.0212088310630314,1.0941209259172504,1.0070377496834728,0.11982739521618933
2024-11-02,206500.7270703674,27.0,61.55851770095378,66.66619741670323,1908.2270889107435,89.68090832407714,0,5,11,1,1,671,92.7282530265121,73.30680555568956,63.68652690794776,75.26709206241809,73.81112934135919,72.53934297608865,11.605902995642007,0.26493375783601025,0.45601051790029534,1.256290939509483,0.8628309507826724,1.0175323667556482,0.15723784609726565
2024-11-03,213544.06562367865,28.0,64.11082832310287,60.777201909300175,1912.169999912428,103.11543289617944,0,6,11,1,1,672,89.68090832407714,92.7282530265121,70.64275765472769,63.298778637501,77.52461240080625,73.56890128049285,11.979110439716711,-0.03286317387607529,0.26949897344608176,1.156805633034606,0.9112300657435214,1.0537687943066,0.15452009457053578
2024-11-04,297174.43653601693,27.0,73.27911899717259,77.03009274995281,1913.086444533916,88.45782601830112,0,0,11,0,1,673,103.11543289617944,89.68090832407714,57.34735793168156,62.61546254939104,82.16356600672792,76.4129480132556,14.820512004969123,0.1498036184418916,0.7980851536180937,1.2550019176107314,0.6979657860393462,1.0752571147035805,0.18037814965036392
2024-11-05,293197.5532211288,31.0,65.14677686533398,69.16045803077603,1916.193831125745,99.9031518559449,0,1,11,0,1,674,88.45782601830112,103.11543289617944,80.51400497078028,73.4860318882206,86.60791859053072,78.25883111817777,10.028235913175406,-0.1421475570260774,0.09866384178011978,1.021359564551095,0.929637916267662,1.1066855631889656,0.11578890332865988
2024-11-06,295883.7332496365,33.0,62.88726929493049,63.77077308024997,1919.2109838220656,119.09744701815058,0,2,11,0,1,675,99.9031518559449,88.45782601830112,78.45219934217535,61.48742388274751,89.37779671698281,80.14576825872949,10.718480642569421,0.1293873742191658,0.27342703829384774,1.117762526327326,0.8777593789942746,1.1151904668060597,0.11992330350802646
2024-11-07,294720.0966181367,32.0,66.27390093872448,63.82619175874344,1920.532280751644,103.65597555694455,0,3,11,0,1,676,119.09744701815058,99.9031518559449,73.30680555568956,84.17735483448132,95.18426067069355,84.2607699112583,14.243119591683017,0.19212902501697693,0.6246437982852064,1.2512304679256672,0.7701567994451012,1.1296391045434269,0.1496373401581545
2024-11-08,306338.8817736945,35.0,70.77776095757751,67.18880415464473,1923.4379874208223,123.3752998967147,0,4,11,0,1,677,103.65597555694455,119.09744701815058,92.7282530265121,78.54075242096722,99.51985638515855,85.65209996286282,10.636132705921211,-0.12965409291143515,0.11784674221467406,1.0415607429715186,0.9317562986389188,1.1619079558855945,0.10687447804142314
2024-11-09,219380.69757258985,31.0,54.91889527679222,61.60920290316333,1925.8069033912436,114.29135004856278,0,5,11,1,1,678,123.3752998967147,103.65597555694455,89.68090832407714,63.68652690794776,103.89800593804463,88.85456763970191,13.338808467698088,0.19023818196508224,0.37571420943772305,1.1874655223920714,0.863162940562639,1.169304051529941,0.12838368116181312
2024-11-10,220844.73237997663,28.0,56.28157042603808,66.17015885327578,1927.7249223832807,90.6763829563191,0,6,11,1,1,679,114.29135004856278,123.3752998967147,103.11543289617944,70.64275765472769,107.41378332725685,92.46919786403156,12.158082158991256,-0.07362859385757659,0.10838258482254237,1.064028716876605,0.959983250771629,1.1616169038818753,0.11318921820255887
2024-11-11,302718.6882561729,29.0,69.97598912920793,67.79425256822238,1929.1657739937032,107.54167126044209,0,0,11,0,1,680,90.6763829563191,114.29135004856278,88.45782601830112,57.34735793168156,105.63677619299109,93.90017109985952,13.702032969422191,-0.20662077298246628,0.02508039184185895,0.8583789303704196,0.837377182513548,1.1249902418244808,0.12970892773544626
2024-11-12,295483.1929151311,31.0,66.97356355898616,70.87078436494636,1930.690486432544,96.94944767876883,0,1,11,0,1,681,107.54167126044209,90.6763829563191,99.9031518559449,80.51400497078028,108.36303979901125,97.48547919477097,11.423360191129843,0.18599427716748895,0.07645924340316634,0.9924202150466376,0.921930134492743,1.111581342104371,0.10541749486095604
2024-11-13,298068.7189348809,34.0,65.31489301912315,56.81677932228818,1934.430336109173,119.3178774055376,0,2,11,0,1,682,96.94944767876883,107.54167126044209,119.09744701815058,78.45219934217535,107.94108205941465,98.65943938819873,11.835067885157532,-0.09849413215851222,-0.18596535772934208,0.8981700556365033,1.1033560600457484,1.094077593880248,0.10964377658029298
2024-11-14,302291.6982449117,35.0,65.23273328495628,64.26309797467903,1936.5308823643384,117.48506783800713,0,3,11,0,1,683,119.3178774055376,96.94944767876883,103.65597555694455,73.30680555568956,107.97257211475566,101.5784163927246,11.86994132931077,0.23072261124048965,0.15109502143452413,1.1050758083147625,0.9600213603022874,1.0629479760474887,0.10993478340680012
2024-11-15,295613.08876443224,33.0,64.26583371970304,66.25737231140792,1939.256586365564,114.5872120312011,0,4,11,0,1,684,117.48506783800713,119.3178774055376,123.3752998967147,92.7282530265121,109.94815672633604,104.73400655574729,12.178581404163724,-0.01536072889816098,-0.04774239303684491,1.0685496813778395,1.1221224945480366,1.0497846911624964,0.1107665809666691
2024-11-16,219333.67372068952,31.0,65.83051709450244,63.1159965906928,1940.7238668602292,95.53933622953268,0,5,11,1,1,685,114.5872120312011,117.48506783800713,114.29135004856278,89.68090832407714,108.69271560269122,106.29536077036794,10.955263602535524,-0.024665737187994807,0.002588664693457643,1.0542308322671434,1.0515088284879777,1.0225537108576388,0.10079114816286983
2024-11-17,215640.90640736744,27.0,56.02718976975281,55.13921994185427,1942.199984503252,77.93449792491222,0,6,11,1,1,686,95.53933622953268,114.5872120312011,90.6763829563191,103.11543289617944,106.01385648568694,106.71381990647191,11.629986254654217,-0.16623038002252688,0.053629766811013724,0.9011966868918834,0.8553257655385966,0.9934407425261467,0.10970251097529307
2024-11-18,299504.5167698016,28.0,66.72759629128939,65.04317925068709,1945.1655723506524,103.5936353308906,0,0,11,0,1,687,77.93449792491222,95.53933622953268,107.54167126044209,88.45782601830112,104.19358719548596,104.91518169423853,14.953027021304809,-0.18426795704677013,-0.27530884529242483,0.7479778748637673,1.0321333025867947,0.9931221155308527,0.14351197059038032
2024-11-19,304015.039872814,32.0,66.26923896988548,69.47635481754024,1946.1859113814112,92.6019335163994,0,1,11,0,1,688,103.5936353308906,77.93449792491222,96.94944767876883,99.9031518559449,103.62958206269288,105.99631093085205,14.879973484543642,0.3292397858352827,0.06853249617405299,0.9996531228719949,0.9355383448339804,0.9776715920830195,0.14358808738166765
2024-11-20,303115.6532459441,34.0,58.4656656728486,60.83588744624701,1947.9537403670868,111.1149542967158,0,2,11,0,1,689,92.6019335163994,103.5936353308906,119.3178774055376,119.09744701815058,103.00850861092582,105.47479533517024,15.290336691574124,-0.10610402636592864,-0.22390562479029064,0.8989736359174642,1.1583303070255488,0.9766172883634688,0.14843760867684597
2024-11-21,300062.1353367237,34.0,64.08277196205663,55.07506140302044,1950.0809622959448,120.9649907466974,0,3,11,0,1,690,111.1149542967158,92.6019335163994,117.48506783800713,103.65597555694455,101.83666245252269,104.90461728363918,14.100075437714551,0.19992045605654463,-0.05422062274394468,1.0911095436628115,1.1536618051753207,0.9707548160361578,0.13845775281852107
2024-11-22,306310.719213457,35.0,71.22530115428596,61.37674016025343,1952.2700603774165,117.72629404997588,0,4,11,0,1,691,120.9649907466974,111.1149542967158,114.5872120312011,123.3752998967147,102.33379429662132,106.14097551147867,14.788301321336148,0.08864726185890848,0.055658730171039394,1.1820629888507046,1.1197396990779256,0.964130900469766,0.1445104368794464
2024-11-23,213001.1226896004,30.0,60.0241415746069,59.98498737039965,1954.226785749404,113.54106252771092,0,5,11,1,1,692,117.72629404997588,120.9649907466974,95.53933622953268,114.29135004856278,102.78223458501772,105.73747509385448,15.261816446374159,-0.02677383494786023,0.23222851127141153,1.1453953548032367,0.9295316122992638,0.9720511530447116,0.1484869102913903
2024-11-24,219909.64642777707,27.0,63.79764044843108,68.32654528901261,1956.6434415742808,99.74246106866109,0,6,11,1,1,693,113.54106252771092,117.72629404997588,77.93449792491222,90.6763829563191,105.35390977047174,105.68388312807933,15.35435039737992,-0.03555052468132813,0.4568780905871064,1.0777109532534297,0.7397399687842952,0.9968777324617445,0.14574067949477645
2024-11-25,304548.0050318736,27.0,66.63819647755803,54.57303296842025,1959.297726178935,92.40639751242747,0,0,11,0,1,694,99.74246106866109,113.54106252771092,103.5936353308906,107.54167126044209,108.46933307672158,106.33146013610376,10.216486926286445,-0.12152961362046566,-0.03717578063486626,0.919545259839591,0.9550499887154064,1.0201057423445645,0.09418779148443927
2024-11-26,301104.81424274406,30.0,65.72318203638261,65.07989474834794,1961.985436215302,104.5222424987208,0,1,11,0,1,695,92.40639751242747,99.74246106866109,92.6019335163994,96.94944767876883,106.87115624551257,105.25036915410271,11.850639341663971,-0.07355005558950045,-0.00211157582295296,0.8646523604567771,0.8664820029051354,1.0153993482819692,0.1108871631784331
2024-11-27,303814.93208896846,35.0,62.87836446910682,62.67145229269835,1963.296793168368,115.640903698146,0,2,11,0,1,696,104.5222424987208,92.40639751242747,111.1149542967158,119.3178774055376,108.57405752870133,105.79128306981359,10.19994677986105,0.1311147854742838,-0.059332353954717476,0.962681554671479,1.023402429879189,1.0263043832926324,0.09394460345340519
2024-11-28,297673.34569445875,33.0,64.06312393797917,73.19218804142558,1965.169469090025,98.31369670953436,0,3,11,0,1,697,115.640903698146,104.5222424987208,120.9649907466974,117.48506783800713,109.22062172890567,105.52864209071417,10.526089234326086,0.10637602995899442,-0.04401345393974454,1.0587826901880855,1.1075288606847724,1.0349855694629124,0.09637455883059046
2024-11-29,306541.3080768276,34.0,70.44796725603024,69.43326474625988,1968.2252793795265,106.39275556384771,0,4,11,0,1,698,98.31369670953436,115.640903698146,117.72629404997588,114.5872120312011,105.98472258073949,104.15925843868042,9.768357368619542,-0.14983631599628744,-0.16489602001911907,0.9276213997223862,1.1107855093010375,1.0175257021739812,0.09216759860061885
2024-11-30,217429.46345422804,31.0,61.9293110597639,66.45839377151576,1971.040997129585,96.10396554399824,0,5,11,1,1,699,106.39275556384771,98.31369670953436,113.54106252771092,95.53933622953268,104.36564565414976,103.57394011958374,8.331435988421568,0.08217633071191255,-0.06295790091024189,1.019423153059537,1.087916064870302,1.0076438680777418,0.07982929570550973
2024-12-01,216198.70791792384,28.0,57.239823530852014,61.49814452511893,1972.0427095684008,77.30044235791213,0,6,12,1,1,700,96.10396554399824,106.39275556384771,99.74246106866109,77.93449792491222,101.87463179933367,103.6142707849027,7.7147908487489385,-0.09670573870675836,-0.03647890262260689,0.9433552185326949,0.979070641110415,0.9832104306444387,0.07572828203143894
2024-12-02,307543.43690334755,28.0,71.83394158612901,61.81432086986722,1974.4238934886823,100.54880018806216,0,0,12,0,1,701,77.30044235791213,96.10396554399824,92.40639751242747,103.5936353308906,98.66862912636952,103.56898110154556,12.141550215028909,-0.19565814042790453,-0.16347304473679747,0.7834348469452215,0.9365326986967487,0.9526851387060434,0.1230538046644862
2024-12-03,302795.8958589466,31.0,69.23529570279855,74.22927264539753,1974.9413132891827,104.59576153342108,0,1,12,0,1,702,100.54880018806216,77.30044235791213,104.5222424987208,92.6019335163994,99.83182950860305,103.35149287705782,11.827592755039543,0.300753231430511,-0.038015279960217696,1.0071817844367694,1.0469831416814168,0.9659447263849241,0.11847516782230556
2024-12-04,298048.3548145457,34.0,69.18044036763852,71.42133482139226,1977.0788612108308,99.92809079641631,0,2,12,0,1,703,104.59576153342108,100.54880018806216,115.640903698146,111.1149542967158,99.84233222784596,104.20819487827364,11.8324835688584,0.040248728356675256,-0.09551241655423004,1.0476093576693253,1.1582352006185792,0.9581044211011669,0.11851169043062806
2024-12-05,297623.0833059044,33.0,71.6518694072469,74.86283872417047,1980.697074824228,114.21309934427568,0,3,12,0,1,704,99.92809079641631,104.59576153342108,98.31369670953436,120.9649907466974,97.59764467045599,103.40913319968082,9.619322072973949,-0.04462581149154243,0.016420846137559453,1.02387809801998,1.0073367758156067,0.9438010130304161,0.09856100631786903
2024-12-06,306441.03980538255,34.0,61.25273279620978,83.63337476914944,1982.0387606504123,119.6462998733472,0,4,12,0,1,705,114.21309934427568,99.92809079641631,106.39275556384771,117.72629404997588,99.86898790399049,102.926855242365,11.508227098942793,0.1429528817573653,0.07350447630557766,1.1436292861411088,1.0653232579680179,0.9702908698495252,0.11523324047307139
2024-12-07,213891.05059001487,31.0,56.13454572173397,49.48707187989423,1983.471302214019,102.1610928050976,0,5,12,1,1,706,119.6462998733472,114.21309934427568,96.10396554399824,113.54106252771092,101.76235137677611,103.06399851546293,13.651156808966494,0.04757073015498925,0.24496735588471452,1.1757422883277884,0.9443960781544086,0.9873704964154721,0.13414741920047574
2024-12-08,226152.47272793745,29.0,56.871540133571344,69.12071535566261,1986.1825260392773,94.02917257136986,0,6,12,1,1,707,102.1610928050976,119.6462998733472,77.30044235791213,99.74246106866109,102.62765527121887,102.25114353527627,13.422772329290908,-0.14614080909111904,0.32161071384400475,0.99545383293725,0.7532125931711746,1.0036822251852147,0.13079098702798894
2024-12-09,296191.4823684651,28.0,68.77319342950356,68.58131714660108,1987.04828482711,104.09272762957843,0,0,12,0,1,708,94.02917257136986,102.1610928050976,100.54880018806216,92.40639751242747,105.01747387314141,101.84305149975548,8.883622216911562,-0.07959899420067651,-0.06484043175550847,0.8953669242221046,0.9574482843638259,1.0311697492036906,0.08459184828272259
2024-12-10,311472.42547316017,32.0,69.20219822857706,71.7984031048767,1988.6420808032017,115.12040311316352,0,1,12,0,1,709,104.09272762957843,94.02917257136986,104.59576153342108,104.5222424987208,105.52374922192946,102.67778936526625,8.685278446568445,0.10702588125584267,-0.004809314416453825,0.9864388670521798,0.9912058878181375,1.0277173853688941,0.08230638610368395
2024-12-11,305698.0698688105,35.0,66.67165643721384,69.55611675545937,1991.2192337132672,118.63609100082536,0,2,12,0,1,710,115.12040311316352,104.09272762957843,99.92809079641631,115.640903698146,107.02726944760695,103.43480083772644,9.38096444439058,0.10594088304447036,0.15203244849037034,1.075617491760064,0.9336694406217109,1.0347317206663988,0.08765022683291797
2024-12-12,304634.54755251843,35.0,64.14111464585062,64.19171004969027,1992.811805035116,109.50461180416347,0,3,12,0,1,711,118.63609100082536,115.12040311316352,114.21309934427568,98.31369670953436,109.69984090537967,103.64874278791784,9.681450445707634,0.030539224955683286,0.03872578261112891,1.081460921198177,1.0411418868217763,1.0583808153837753,0.08825400625747723
2024-12-13,303009.1236527642,34.0,63.75023110471635,63.15102024257928,1994.723029045347,115.8947506826899,0,4,12,0,1,712,109.50461180416347,118.63609100082536,119.6462998733472,106.39275556384771,109.02719982822077,104.44809386610562,9.477028251963462,-0.07697049961464386,-0.08476390895430375,1.0043788336919126,1.0973986313677457,1.0438409720332973,0.08692352245031623
2024-12-14,221453.0084574083,30.0,61.338870538840965,65.71864010893782,1997.418377613599,108.159815905041,0,5,12,1,1,713,115.8947506826899,109.50461180416347,102.1610928050976,96.10396554399824,108.49126422955545,105.12680780316578,8.862578322549828,0.05835497494803654,0.13443139164332663,1.0682403924934407,0.9416527084515863,1.0320037913896247,0.08168932665212193
2024-12-15,219826.45319030056,28.0,58.70896212333941,54.38130121531314,1999.855614480428,89.09969479857614,0,6,12,1,1,714,108.159815905041,115.8947506826899,94.02917257136986,77.30044235791213,109.34822467240451,105.9879399718117,8.42782975686825,-0.06674102780398139,0.15027935423919336,0.9891318878662744,0.8599057995963914,1.0317044061945775,0.07707331126881227
2024-12-16,310104.20752806606,28.0,79.46293360848364,82.32324272439575,2002.1690691974643,117.15801394146492,0,0,12,0,1,715,89.09969479857614,108.159815905041,104.09272762957843,100.54880018806216,108.64401356200541,106.83074371757341,9.983553961604084,-0.17622183383890655,-0.1440353535969976,0.8201068045753398,0.9581082676973318,1.016973296088116,0.09189235222708576
2024-12-17,306315.3105946482,31.0,61.32073047807714,61.97561235803545,2003.9977713740484,102.81005318231836,0,1,12,0,1,716,117.15801394146492,89.09969479857614,115.12040311316352,104.59576153342108,110.51048303513205,108.01711612853073,10.209604456829645,0.3149092621059928,0.017699823603800402,1.0601529440806041,1.0417147762947152,1.0230830723497046,0.09238584590734203
2024-12-18,306627.0070458475,35.0,65.34376282515723,61.62466356492399,2006.393820266264,116.51463587622628,0,2,12,0,1,717,102.81005318231836,117.15801394146492,118.63609100082536,99.92809079641631,108.75186161643988,107.88956553202341,10.342566982474123,-0.12246674620410658,-0.13339985905635499,0.9453636163482161,1.09088790975594,1.0079923955589618,0.0951024362134749
2024-12-19,304738.75115114456,35.0,72.54770527074116,70.78809992661387,2008.394834122184,110.74107468765874,0,3,12,0,1,718,116.51463587622628,102.81005318231836,109.50461180416347,114.21309934427568,108.44879659864,109.07431875200983,10.03105083870361,0.13330002533511864,0.0640157885276964,1.0743746314441578,1.0097356101555552,0.9942651747860831,0.0924957321179662
2024-12-20,306132.81750511576,34.0,65.31484869380773,73.53762503935904,2010.8610786101244,115.7053897079982,0,4,12,0,1,719,110.74107468765874,116.51463587622628,115.8947506826899,119.6462998733472,108.62543415342505,108.8263169908229,10.063575183806828,-0.04955223989800561,-0.04446858865197012,1.0194764748304297,1.0669209433860352,0.9981540968861898,0.09264474072980738
2024-12-21,221931.36707556827,31.0,59.34625149682695,59.800325762380446,2012.56353299003,87.00825026365106,0,5,12,1,1,720,115.7053897079982,110.74107468765874,108.159815905041,102.1610928050976,108.59838258561196,108.5448234075837,10.041007238831801,0.04482812754292964,0.06976319014431231,1.06544302919782,0.9959615726300047,1.0004934291322871,0.09246000722815663
2024-12-22,213980.0144293735,29.0,59.29322194556463,64.2268456474998,2014.5174778105263,91.39869004803585,0,6,12,1,1,721,87.00825026365106,115.7053897079982,89.09969479857614,94.02917257136986,105.57673035112768,107.4624775117661,12.954791620509672,-0.24801903797886282,-0.023473083040891574,0.8241233648198665,0.8439330759936198,0.9824520408955587,0.12270498979675307
2024-12-23,301470.0583115772,28.0,69.51716988909993,66.95895453270258,2015.8255115764848,91.026340821187,0,0,12,0,1,722,91.39869004803585,87.00825026365106,117.15801394146492,104.09272762957843,105.90515824390764,107.27458590295653,12.488186602116704,0.05046003995116477,-0.21986821922654876,0.8630239694041881,1.106254085109255,0.9872343701211048,0.11791858686765247
2024-12-24,310003.25637609087,32.0,72.69921517681396,76.94898139106927,2017.89750548848,110.67799599642473,0,1,12,0,1,723,91.026340821187,91.39869004803585,102.81005318231836,115.12040311316352,102.17206208386791,106.3412725595,12.469490938711251,-0.004073901131987245,-0.11461634340597693,0.890912241219797,1.006244281317595,0.9607940513096707,0.12204403713096906
2024-12-25,307881.0617525118,35.0,55.85798250605741,63.11392469879695,2019.3487047975768,124.3111827905969,0,2,12,0,1,724,110.67799599642473,91.026340821187,116.51463587622628,118.63609100082536,103.29605391445455,106.02395776544722,12.88429018391593,0.21588976331413368,-0.05009361987795102,1.071463931120579,1.1279679277266372,0.974270873220678,0.12473167846843557
2024-12-26,306629.0666545892,34.0,71.46237604892104,81.4129450056189,2020.5574676374472,119.13043635456889,0,3,12,0,1,725,124.3111827905969,110.67799599642473,110.74107468765874,109.50461180416347,104.40984633079321,106.42932146471661,14.458276747443852,0.1231788366913742,0.12253906819318994,1.1906078512629155,1.060638230773818,0.9810251995772341,0.1384761807007825
2024-12-27,307606.1357322616,35.0,58.98754053674583,61.31221270190059,2022.8643965557312,97.36522958987776,0,4,12,0,1,726,119.13043635456889,124.3111827905969,115.7053897079982,115.8947506826899,105.60832656892323,107.11688036117414,15.388347501746468,-0.04167562659873503,0.02960144428201983,1.1280401860815463,1.095608589465579,0.9859167501222552,0.14571149834197553
2024-12-28,222934.18282144668,32.0,58.49948645216068,65.14286318551808,2025.1345883764177,119.66842157098914,0,5,12,1,1,727,97.36522958987776,119.13043635456889,87.00825026365106,108.159815905041,102.98830369490602,105.793343140259,14.93739021022923,-0.18270063831472227,0.11903445127149581,0.9454008474429666,0.8448362303490842,0.9734856715735497,0.14503967610224908
2024-12-29,219505.3452787625,29.0,59.54112943988703,63.12324124960435,2027.8608873643764,98.5373177320172,0,6,12,1,1,728,119.66842157098914,97.36522958987776,91.39869004803585,89.09969479857614,107.65404245309719,106.61538640211242,14.196444128327586,0.2290673177175977,0.3093012767261296,1.1116017461501864,0.8490037899678176,1.0097420840090319,0.1318709804558682
2024-12-30,304921.3810983908,28.0,59.54112943988703,79.83066461844183,2029.6159869087164,93.81038523843682,0,0,12,0,1,729,98.5373177320172,119.66842157098914,91.026340821187,117.15801394146492,108.67384640795167,107.28950232592965,13.043723538003627,-0.17658045089561614,0.08251432325050634,0.9067252240444047,0.8376103711235402,1.0129028847371908,0.12002633539847926
